OE;AN/Einheit;Ausstattung;Sachnummer;Inventarnr.;Gerätenr.;Kennzeichen;Prüfung;Letzte;"letztes 
Ergebnis";"letzte 
Nr";Fällig;Ergebnis;Durchführung;Nr;Prüfer;"Hinweis/Begründung zum
Prüfungsergebnis";"Art der
Empfehlung";"Datum der
Empfehlung";Empfehlung durch;"Bemerkung zur
Empfehlung"
OV Berlin Neukölln;1. TZ, FGr W (B);Fly-Jib, Transportgestell;2013;PALFINGER - PK27002SH;3815T00018;0001-347776;;;BL-Anschlagstück;28.02.2018;i. O.;5;28.02.2019;;;;;;;
OV Berlin Neukölln;1. TZ, 1. B;Zurrgurt mit Ratsche (800 kg);1900;SPANSET - LC800daN;3940T00037;0058-003997;;;BL-Zurrgurt;19.10.2019;i. O.;120;18.10.2020;;;;;;;
OV Berlin Neukölln;1. TZ, 1. B, EGS;Zurrgurt mit Ergo-Ratsche (2500 daN);2010;DOLEZYCH - DOzurr;3940T00039;0058-003586;EGS;;BL-Zurrgurt;19.10.2019;i. O.;10;18.10.2020;;;;;;;
OV Berlin Neukölln;1. TZ, FGr N;Zurrgurt mit Ratsche (2500 daN);2010;SANLASH - SAN 1042.001;3940T00044;0055-006951;;;BL-Zurrgurt;01.01.2010;;;01.01.2011;;;;;;;
OV Berlin Neukölln;1. TZ, FGr N;Zurrgurt mit Ratsche (2500 daN);2010;SANLASH - SAN 1042.001;3940T00044;0055-006952;;;BL-Zurrgurt;01.01.2010;;;01.01.2011;;;;;;;
OV Berlin Neukölln;1. TZ, FGr N;Zurrgurt mit Ratsche (2500 daN);2010;SANLASH - SAN 1042.001;3940T00044;0055-006953;;;BL-Zurrgurt;01.01.2010;;;01.01.2011;;;;;;;
OV Berlin Neukölln;1. TZ, 1. B, EGS;Zurrgurt mit Ratsche (2500 daN);2010;SANLASH - SAN 1042.001;3940T00044;0055-006954;;;BL-Zurrgurt;01.01.2010;;;01.01.2011;;;;;;;
OV Berlin Neukölln;1. TZ, 1. B, EGS;Zurrgurt mit Ratsche (2500 daN);2010;SANLASH - SAN 1042.001;3940T00044;0055-006955;;;BL-Zurrgurt;01.01.2010;;;01.01.2011;;;;;;;
OV Berlin Neukölln;1. TZ, 1. B, EGS;Zurrgurt mit Ratsche (2500 daN);2010;SANLASH - SAN 1042.001;3940T00044;0055-006956;;;BL-Zurrgurt;01.01.2010;;;01.01.2011;;;;;;;
OV Berlin Neukölln;1. TZ, 1. B, EGS;Zurrgurt mit Ratsche (2500 daN);2010;SANLASH - SAN 1042.001;3940T00044;0055-006957;;;BL-Zurrgurt;01.01.2010;;;01.01.2011;;;;;;;
OV Berlin Neukölln;1. TZ, 1. B, EGS;Zurrgurt mit Ratsche (2500 daN);2010;SANLASH - SAN 1042.001;3940T00044;0055-006958;;;BL-Zurrgurt;01.01.2010;;;01.01.2011;;;;;;;
OV Berlin Neukölln;1. TZ, 1. B, EGS;Zurrgurt mit Ratsche (2500 daN);2010;SANLASH - SAN 1042.001;3940T00044;0055-006959;;;BL-Zurrgurt;01.01.2010;;;01.01.2011;;;;;;;
OV Berlin Neukölln;1. TZ, 1. B, EGS;Zurrgurt mit Ratsche (2500 daN);2010;SANLASH - SAN 1042.001;3940T00044;0055-006960;;;BL-Zurrgurt;01.01.2010;;;01.01.2011;;;;;;;
OV Berlin Neukölln;1. TZ, FGr W (B);Zurrgurt mit Ratsche (2500 daN);1900;HERSTELLERUNABHÄNGIG - typenunabhängig;3940T00044;0058-004044;;;BL-Zurrgurt;19.10.2019;i. O.;120;18.10.2020;;;;;;;
OV Berlin Neukölln;1. TZ, FGr I;Zurrgurt mit Ratsche (1000 daN);2018;DÖNGES - Zurrgurt 1t für Roll-Container;3940T00051;0001-459248;;;BL-Zurrgurt;12.10.2019;i. O.;2;11.10.2020;;;;;;;
OV Berlin Neukölln;1. TZ, FGr I;Zurrgurt mit Ratsche (1000 daN);2018;DÖNGES - Zurrgurt 1t für Roll-Container;3940T00051;0001-459249;;;BL-Zurrgurt;12.10.2019;i. O.;2;11.10.2020;;;;;;;
OV Berlin Neukölln;1. TZ, FGr I;Zurrgurt mit Ratsche (1000 daN);2018;DÖNGES - Zurrgurt 1t für Roll-Container;3940T00051;0001-459250;;;BL-Zurrgurt;12.10.2019;i. O.;2;11.10.2020;;;;;;;
OV Berlin Neukölln;1. TZ, FGr I;Zurrgurt mit Ratsche (1000 daN);2018;DÖNGES - Zurrgurt 1t für Roll-Container;3940T00051;0001-459251;;;BL-Zurrgurt;12.10.2019;i. O.;2;11.10.2020;;;;;;;
OV Berlin Neukölln;1. TZ, FGr I;Zurrgurt mit Ratsche (1000 daN);2018;DÖNGES - Zurrgurt 1t für Roll-Container;3940T00051;0001-459252;;;BL-Zurrgurt;12.10.2019;i. O.;2;11.10.2020;;;;;;;
OV Berlin Neukölln;1. TZ, FGr I;Zurrgurt mit Ratsche (1000 daN);2018;DÖNGES - Zurrgurt 1t für Roll-Container;3940T00051;0001-459253;;;BL-Zurrgurt;12.10.2019;i. O.;2;11.10.2020;;;;;;;
OV Berlin Neukölln;1. TZ, FGr I;Zurrgurt mit Ratsche (1000 daN);2018;DÖNGES - Zurrgurt 1t für Roll-Container;3940T00051;0001-459254;;;BL-Zurrgurt;12.10.2019;i. O.;2;11.10.2020;;;;;;;
OV Berlin Neukölln;1. TZ, FGr I;Zurrgurt mit Ratsche (1000 daN);2018;DÖNGES - Zurrgurt 1t für Roll-Container;3940T00051;0001-459255;;;BL-Zurrgurt;12.10.2019;i. O.;2;11.10.2020;;;;;;;
OV Berlin Neukölln;1. TZ, FGr I;Zurrgurt mit Ratsche (1000 daN);2018;DÖNGES - Zurrgurt 1t für Roll-Container;3940T00051;0001-459256;;;BL-Zurrgurt;12.10.2019;i. O.;2;11.10.2020;;;;;;;
OV Berlin Neukölln;1. TZ, FGr I;Zurrgurt mit Ratsche (1000 daN);2018;DÖNGES - Zurrgurt 1t für Roll-Container;3940T00051;0001-459257;;;BL-Zurrgurt;12.10.2019;i. O.;2;11.10.2020;;;;;;;
OV Berlin Neukölln;1. TZ, FGr I;Zurrgurt mit Ratsche (1000 daN);2018;DÖNGES - Zurrgurt 1t für Roll-Container;3940T00051;0001-459258;;;BL-Zurrgurt;12.10.2019;i. O.;2;11.10.2020;;;;;;;
OV Berlin Neukölln;1. TZ, FGr I;Zurrgurt mit Ratsche (1000 daN);2018;DÖNGES - Zurrgurt 1t für Roll-Container;3940T00051;0001-459259;;;BL-Zurrgurt;12.10.2019;i. O.;2;11.10.2020;;;;;;;
OV Berlin Neukölln;1. TZ, FGr I;Zurrgurt mit Ratsche (1000 daN);2018;DÖNGES - Zurrgurt 1t für Roll-Container;3940T00051;0001-459260;;;BL-Zurrgurt;12.10.2019;i. O.;2;11.10.2020;;;;;;;
OV Berlin Neukölln;1. TZ, FGr I;Zurrgurt mit Ratsche (1000 daN);2018;DÖNGES - Zurrgurt 1t für Roll-Container;3940T00051;0001-459261;;;BL-Zurrgurt;12.10.2019;i. O.;2;11.10.2020;;;;;;;
OV Berlin Neukölln;1. TZ, FGr I;Zurrgurt mit Ratsche (1000 daN);2018;DÖNGES - Zurrgurt 1t für Roll-Container;3940T00051;0001-459262;;;BL-Zurrgurt;12.10.2019;i. O.;2;11.10.2020;;;;;;;
OV Berlin Neukölln;1. TZ, FGr I;Zurrgurt mit Ratsche (1000 daN);2018;DÖNGES - Zurrgurt 1t für Roll-Container;3940T00051;0001-459263;;;BL-Zurrgurt;12.10.2019;i. O.;2;11.10.2020;;;;;;;
OV Berlin Neukölln;1. TZ, FGr I;Zurrgurt mit Ratsche (1000 daN);2018;DÖNGES - Zurrgurt 1t für Roll-Container;3940T00051;0001-459264;;;BL-Zurrgurt;12.10.2019;i. O.;2;11.10.2020;;;;;;;
OV Berlin Neukölln;1. TZ, FGr I;Zurrgurt mit Ratsche (1000 daN);2018;DÖNGES - Zurrgurt 1t für Roll-Container;3940T00051;0001-459265;;;BL-Zurrgurt;12.10.2019;i. O.;2;11.10.2020;;;;;;;
OV Berlin Neukölln;1. TZ, FGr I;Zurrgurt mit Ratsche (1000 daN);2018;DÖNGES - Zurrgurt 1t für Roll-Container;3940T00051;0001-459266;;;BL-Zurrgurt;12.10.2019;i. O.;2;11.10.2020;;;;;;;
OV Berlin Neukölln;1. TZ, FGr I;Zurrgurt mit Ratsche (1000 daN);2018;DÖNGES - Zurrgurt 1t für Roll-Container;3940T00051;0001-459267;;;BL-Zurrgurt;12.10.2019;i. O.;2;11.10.2020;;;;;;;
OV Berlin Neukölln;1. TZ, FGr I;Zurrgurt mit Ratsche (1000 daN);2018;DÖNGES - Zurrgurt 1t für Roll-Container;3940T00051;0001-459268;;;BL-Zurrgurt;12.10.2019;i. O.;2;11.10.2020;;;;;;;
OV Berlin Neukölln;1. TZ, FGr I;Zurrgurt mit Ratsche (1000 daN);2018;DÖNGES - Zurrgurt 1t für Roll-Container;3940T00051;0001-459269;;;BL-Zurrgurt;12.10.2019;i. O.;2;11.10.2020;;;;;;;
OV Berlin Neukölln;1. TZ, FGr W (B);Zurrgurt mit Ratsche (2000 daN);2013;EUROLASH - LC 2500 daN;3940T22187;0001-347785;;;BL-Zurrgurt;01.01.2013;;;01.01.2014;;;;;;;
OV Berlin Neukölln;1. TZ, FGr W (B);Zurrgurt mit Ratsche (2000 daN);2013;EUROLASH - LC 2500 daN;3940T22187;0001-347786;;;BL-Zurrgurt;01.01.2013;;;01.01.2014;;;;;;;
OV Berlin Neukölln;1. TZ, FGr W (B);Zurrgurt mit Ratsche (2000 daN);2013;EUROLASH - LC 2500 daN;3940T22187;0001-347787;;;BL-Zurrgurt;01.01.2013;;;01.01.2014;;;;;;;
OV Berlin Neukölln;1. TZ, FGr W (B);Zurrgurt mit Ratsche (2000 daN);2013;EUROLASH - LC 2500 daN;3940T22187;0001-347788;;;BL-Zurrgurt;01.01.2013;;;01.01.2014;;;;;;;
OV Berlin Neukölln;1. TZ, FGr W (B);Zurrgurt mit Ratsche (2000 daN);2013;EUROLASH - LC 2500 daN;3940T22187;0001-347789;;;BL-Zurrgurt;01.01.2013;;;01.01.2014;;;;;;;
OV Berlin Neukölln;1. TZ, FGr W (B);Zurrgurt mit Ratsche (2000 daN);2013;EUROLASH - LC 2500 daN;3940T22187;0001-347790;;;BL-Zurrgurt;01.01.2013;;;01.01.2014;;;;;;;
OV Berlin Neukölln;1. TZ, FGr W (B);Zurrgurt mit Ratsche (2000 daN);2013;EUROLASH - LC 2500 daN;3940T22187;0001-347791;;;BL-Zurrgurt;01.01.2013;;;01.01.2014;;;;;;;
OV Berlin Neukölln;1. TZ, FGr W (B);Zurrgurt mit Ratsche (2000 daN);2013;EUROLASH - LC 2500 daN;3940T22187;0001-347792;;;BL-Zurrgurt;01.01.2013;;;01.01.2014;;;;;;;
OV Berlin Neukölln;1. TZ, FGr W (B);Zurrgurt mit Ratsche (2000 daN);2013;EUROLASH - LC 2500 daN;3940T22187;0001-347793;;;BL-Zurrgurt;01.01.2013;;;01.01.2014;;;;;;;
OV Berlin Neukölln;1. TZ, FGr W (B);Zurrgurt mit Ratsche (2000 daN);2013;EUROLASH - LC 2500 daN;3940T22187;0001-347794;;;BL-Zurrgurt;01.01.2013;;;01.01.2014;;;;;;;
OV Berlin Neukölln;1. TZ, FGr W (B);Zurrgurt mit Ratsche (2000 daN);2013;EUROLASH - LC 2500 daN;3940T22187;0001-347795;;;BL-Zurrgurt;01.01.2013;;;01.01.2014;;;;;;;
OV Berlin Neukölln;1. TZ, FGr W (B);Zurrgurt mit Ratsche (2000 daN);2013;EUROLASH - LC 2500 daN;3940T22187;0001-347796;;;BL-Zurrgurt;01.01.2013;;;01.01.2014;;;;;;;
OV Berlin Neukölln;1. TZ, FGr W (B);Zurrgurt mit Ratsche (2000 daN);2013;EUROLASH - LC 2500 daN;3940T22187;0001-347797;;;BL-Zurrgurt;01.01.2013;;;01.01.2014;;;;;;;
OV Berlin Neukölln;1. TZ, FGr W (B);Zurrgurt mit Ratsche (2000 daN);2013;EUROLASH - LC 2500 daN;3940T22187;0001-347798;;;BL-Zurrgurt;01.01.2013;;;01.01.2014;;;;;;;
OV Berlin Neukölln;1. TZ, FGr W (B);Zurrgurt mit Ratsche (2000 daN);2013;EUROLASH - LC 2500 daN;3940T22187;0001-347799;;;BL-Zurrgurt;01.01.2013;;;01.01.2014;;;;;;;
OV Berlin Neukölln;1. TZ, FGr W (B);Zurrgurt mit Ratsche (2000 daN);2013;EUROLASH - LC 2500 daN;3940T22187;0001-347800;;;BL-Zurrgurt;01.01.2013;;;01.01.2014;;;;;;;
OV Berlin Neukölln;1. TZ, FGr I;Zurrgurt mit Ratsche (2000 daN);2016;SUER - S-Line 2500;3940T22187;0001-416552;;;BL-Zurrgurt;12.10.2019;i. O.;4;11.10.2020;;;;;;;
OV Berlin Neukölln;1. TZ, FGr I;Zurrgurt mit Ratsche (2000 daN);2016;SUER - S-Line 2500;3940T22187;0001-416553;;;BL-Zurrgurt;12.10.2019;i. O.;4;11.10.2020;;;;;;;
OV Berlin Neukölln;1. TZ, FGr I;Zurrgurt mit Ratsche (2000 daN);2016;SUER - S-Line 2500;3940T22187;0001-416554;;;BL-Zurrgurt;12.10.2019;i. O.;4;11.10.2020;;;;;;;
OV Berlin Neukölln;1. TZ, FGr I;Zurrgurt mit Ratsche (2000 daN);2016;SUER - S-Line 2500;3940T22187;0001-416555;;;BL-Zurrgurt;12.10.2019;i. O.;4;11.10.2020;;;;;;;
OV Berlin Neukölln;1. TZ, FGr I;Zurrgurt mit Ratsche (2000 daN);2016;SUER - S-Line 2500;3940T22187;0001-416556;;;BL-Zurrgurt;12.10.2019;i. O.;4;11.10.2020;;;;;;;
OV Berlin Neukölln;1. TZ, FGr I;Zurrgurt mit Ratsche (2000 daN);2016;SUER - S-Line 2500;3940T22187;0001-416557;;;BL-Zurrgurt;12.10.2019;i. O.;4;11.10.2020;;;;;;;
OV Berlin Neukölln;1. TZ, FGr I;Zurrgurt mit Ratsche (2000 daN);2016;SUER - S-Line 2500;3940T22187;0001-416558;;;BL-Zurrgurt;12.10.2019;i. O.;4;11.10.2020;;;;;;;
OV Berlin Neukölln;1. TZ, FGr I;Zurrgurt mit Ratsche (2000 daN);2016;SUER - S-Line 2500;3940T22187;0001-416559;;;BL-Zurrgurt;12.10.2019;i. O.;4;11.10.2020;;;;;;;
OV Berlin Neukölln;1. TZ, FGr W (B);Zurrgurt mit Ratsche (2000 daN);2007;NN - NN (s. Beschreibung);3940T22187;0055-001671;;;BL-Zurrgurt;19.10.2019;i. O.;13;18.10.2020;;;;;;;
OV Berlin Neukölln;1. TZ, FGr W (B);Zurrgurt mit Ratsche (2000 daN);2007;NN - NN (s. Beschreibung);3940T22187;0055-001673;;;BL-Zurrgurt;19.10.2019;i. O.;13;18.10.2020;;;;;;;
OV Berlin Neukölln;1. TZ, FGr W (B);Zurrgurt mit Ratsche (2000 daN);2007;NN - NN (s. Beschreibung);3940T22187;0055-001674;;;BL-Zurrgurt;19.10.2019;i. O.;13;18.10.2020;;;;;;;
OV Berlin Neukölln;1. TZ, FGr W (B);Zurrgurt mit Ratsche (2000 daN);2010;MEILI - ZG50ESH;3940T22187;0055-003535;;;BL-Zurrgurt;19.10.2019;i. O.;10;18.10.2020;;;;;;;
OV Berlin Neukölln;OV, SM/SK Raum (140);Zurrgurt mit Ratsche (2000 daN);2012;NN - NN (s. Beschreibung);3940T22187;0055-005467;;;BL-Zurrgurt;27.12.2019;i. O.;8;26.12.2020;;;;;;;
OV Berlin Neukölln;OV, SM/SK Raum (140);Zurrgurt mit Ratsche (2000 daN);2012;NN - NN (s. Beschreibung);3940T22187;0055-005468;;;BL-Zurrgurt;27.12.2019;i. O.;8;26.12.2020;;;;;;;
OV Berlin Neukölln;1. TZ, FGr W (B);Zurrgurt mit Ratsche (2000 daN);2012;NN - NN (s. Beschreibung);3940T22187;0055-005516;;;BL-Zurrgurt;19.10.2019;i. O.;8;18.10.2020;;;;;;;
OV Berlin Neukölln;OV, SM/SK Raum (140);Zurrgurt mit Ratsche (2000 daN);2016;NN - NN (s. Beschreibung);3940T22187;0055-008273;;;BL-Zurrgurt;01.01.2016;;;31.12.2016;;;;;;;
OV Berlin Neukölln;1. TZ, FGr W (B);Zurrgurt mit Ratsche (2000 daN);2006;NN - NN (s. Beschreibung);3940T22187;0058-001985; ;;BL-Zurrgurt;19.12.2019;i. O.;14;18.12.2020;;;;;;;
OV Berlin Neukölln;1. TZ, FGr W (B);Zurrgurt mit Ratsche (2000 daN);2006;NN - NN (s. Beschreibung);3940T22187;0058-001989; ;;BL-Zurrgurt;19.12.2019;i. O.;14;18.12.2020;;;;;;;
OV Berlin Neukölln;1. TZ, FGr W (B);Zurrgurt mit Ratsche (2000 daN);2009;MEILI - ZG50ESH;3940T22187;0058-002134;;;BL-Zurrgurt;19.10.2019;i. O.;11;18.10.2020;;;;;;;
OV Berlin Neukölln;1. TZ, FGr W (B);Zurrgurt mit Ratsche (2000 daN);2009;MEILI - ZG50ESH;3940T22187;0058-002135;;;BL-Zurrgurt;19.10.2019;i. O.;11;18.10.2020;;;;;;;
OV Berlin Neukölln;1. TZ, FGr W (B);Zurrgurt mit Ratsche (2000 daN);2009;MEILI - ZG50ESH;3940T22187;0058-002138;;;BL-Zurrgurt;19.10.2019;i. O.;11;18.10.2020;;;;;;;
OV Berlin Neukölln;1. TZ, FGr W (B);Zurrgurt mit Ratsche (2000 daN);2009;MEILI - ZG50ESH;3940T22187;0058-002147;;;BL-Zurrgurt;19.10.2019;i. O.;11;18.10.2020;;;;;;;
OV Berlin Neukölln;1. TZ, FGr W (B);Zurrgurt mit Ratsche (2000 daN);2009;MEILI - ZG50ESH;3940T22187;0058-002148;;;BL-Zurrgurt;19.10.2019;i. O.;11;18.10.2020;;;;;;;
OV Berlin Neukölln;1. TZ, FGr W (B);Zurrgurt mit Ratsche (2000 daN);2009;MEILI - ZG50ESH;3940T22187;0058-002149;;;BL-Zurrgurt;19.10.2019;i. O.;11;18.10.2020;;;;;;;
OV Berlin Neukölln;1. TZ, FGr W (B);Zurrgurt mit Ratsche (2000 daN);2009;MEILI - ZG50ESH;3940T22187;0058-002151;;;BL-Zurrgurt;19.10.2019;i. O.;11;18.10.2020;;;;;;;
OV Berlin Neukölln;1. TZ, FGr W (B);Zurrgurt mit Ratsche (2000 daN);2009;MEILI - ZG50ESH;3940T22187;0058-002152;;;BL-Zurrgurt;19.10.2019;i. O.;11;18.10.2020;;;;;;;
OV Berlin Neukölln;1. TZ, FGr W (B);Zurrgurt mit Ratsche (2000 daN);2009;MEILI - ZG50ESH;3940T22187;0058-002155;;;BL-Zurrgurt;19.10.2019;i. O.;11;18.10.2020;;;;;;;
OV Berlin Neukölln;1. TZ, FGr W (B);Zurrgurt mit Ratsche (2000 daN);2009;MEILI - ZG50ESH;3940T22187;0058-002160;;;BL-Zurrgurt;19.10.2019;i. O.;11;18.10.2020;;;;;;;
OV Berlin Neukölln;1. TZ, FGr W (B);Zurrgurt mit Ratsche (2000 daN);2009;MEILI - ZG50ESH;3940T22187;0058-002161;;;BL-Zurrgurt;01.01.2009;;;01.01.2010;;;;;;;
OV Berlin Neukölln;1. TZ, FGr W (B);Zurrgurt mit Ratsche (2000 daN);2009;MEILI - ZG50ESH;3940T22187;0058-002162;;;BL-Zurrgurt;19.10.2019;i. O.;11;18.10.2020;;;;;;;
OV Berlin Neukölln;1. TZ, FGr W (B);Zurrgurt mit Ratsche (2000 daN);2009;MEILI - ZG50ESH;3940T22187;0058-002163;;;BL-Zurrgurt;01.01.2009;;;01.01.2010;;;;;;;
OV Berlin Neukölln;1. TZ, FGr W (B);Zurrgurt mit Ratsche (2000 daN);2009;MEILI - ZG50ESH;3940T22187;0058-002164;;;BL-Zurrgurt;21.10.2017;i. O.;9;21.10.2018;;;;;;;
OV Berlin Neukölln;1. TZ, FGr W (B);Zurrgurt mit Ratsche (2000 daN);2009;MEILI - ZG50ESH;3940T22187;0058-002165;;;BL-Zurrgurt;19.10.2019;i. O.;11;18.10.2020;;;;;;;
OV Berlin Neukölln;1. TZ, FGr W (B);Zurrgurt mit Ratsche (2000 daN);2009;MEILI - ZG50ESH;3940T22187;0058-002166;;;BL-Zurrgurt;21.10.2017;n. i. O.;7;21.10.2017;;;;;;;
OV Berlin Neukölln;1. TZ, FGr W (B);Zurrgurt mit Ratsche (2000 daN);2009;MEILI - ZG50ESH;3940T22187;0058-002167;;;BL-Zurrgurt;07.11.2015;i. O.;7;06.11.2016;;;;;;;
OV Berlin Neukölln;1. TZ, FGr W (B);Zurrgurt mit Ratsche (2000 daN);2009;MEILI - ZG50ESH;3940T22187;0058-002169;;;BL-Zurrgurt;19.10.2019;i. O.;11;18.10.2020;;;;;;;
OV Berlin Neukölln;1. TZ, FGr W (B);Zurrgurt mit Ratsche (2000 daN);2009;MEILI - ZG50ESH;3940T22187;0058-002173;;;BL-Zurrgurt;19.10.2019;i. O.;11;18.10.2020;;;;;;;
OV Berlin Neukölln;1. TZ, FGr W (B);Zurrgurt mit Ratsche (2000 daN);2009;MEILI - ZG50ESH;3940T22187;0058-002174;;;BL-Zurrgurt;19.10.2019;i. O.;11;18.10.2020;;;;;;;
OV Berlin Neukölln;1. TZ, FGr W (B);Zurrgurt mit Ratsche (2000 daN);1900;ANKRA - NN;3940T22187;0058-004078;1500daN;;BL-Zurrgurt;19.10.2019;i. O.;120;18.10.2020;;;;;;;
OV Berlin Neukölln;1. TZ, FGr W (B);Zurrgurt mit Ratsche (2000 daN);1900;ANKRA - NN;3940T22187;0058-004079;1500daN;;BL-Zurrgurt;19.10.2019;i. O.;120;18.10.2020;;;;;;;
OV Berlin Neukölln;1. TZ, FGr W (B);Zurrgurt mit Ratsche (2000 daN);2018;HERSTELLERUNABHÄNGIG - typenunabhängig;3940T22187;0058-004681;;;BL-Zurrgurt;19.10.2019;i. O.;2;18.10.2020;;;;;;;
OV Berlin Neukölln;1. TZ, FGr W (B);Zurrgurt mit Ratsche (2000 daN);2018;HERSTELLERUNABHÄNGIG - typenunabhängig;3940T22187;0058-004682;;;BL-Zurrgurt;19.10.2019;i. O.;2;18.10.2020;;;;;;;
OV Berlin Neukölln;1. TZ, FGr W (B);Zurrgurt mit Ratsche (2000 daN);2018;HERSTELLERUNABHÄNGIG - typenunabhängig;3940T22187;0058-004683;;;BL-Zurrgurt;19.10.2019;i. O.;2;18.10.2020;;;;;;;
OV Berlin Neukölln;1. TZ, FGr W (B);Drahtseilklappkloben, 64 kN (6,4 t) Nutzlast, 2 rollig;2000;GES. FUER HEBEZEUGBAU - typenunabhängig;3940T22316;0058-003470;FGr W;;BL-Kloben-Haken;19.10.2019;i. O.;20;18.10.2020;;;;;;;
OV Berlin Neukölln;1. TZ, FGr W (B);Drahtseilklappkloben, 64 kN (6,4 t) Nutzlast, 2 rollig;2000;GES. FUER HEBEZEUGBAU - typenunabhängig;3940T22316;0058-003471;FGr W;;BL-Kloben-Haken;19.10.2019;i. O.;20;18.10.2020;;;;;;;
OV Berlin Neukölln;1. TZ, FGr W (B);Drahtseilklappkloben, 64 kN (6,4 t) Nutzlast, 2 rollig;2000;GES. FUER HEBEZEUGBAU - typenunabhängig;3940T22316;0058-003472;FGr W;;BL-Kloben-Haken;19.10.2019;i. O.;20;18.10.2020;;;;;;;
OV Berlin Neukölln;OV, SM/SK Raum (140);Drahtseilklappkloben, 64 kN (6,4 t) Nutzlast, 2 rollig;1900;HERSTELLERUNABHÄNGIG - typenunabhängig;3940T22316;0058-003982;;;BL-Kloben-Haken;19.10.2019;i. O.;120;18.10.2020;;;;;;;
OV Berlin Neukölln;OV, SM/SK Raum (140);Drahtseilklappkloben, 64 kN (6,4 t) Nutzlast, 2 rollig;1900;HERSTELLERUNABHÄNGIG - typenunabhängig;3940T22316;0058-004037;;;BL-Kloben-Haken;19.10.2019;i. O.;120;18.10.2020;;;;;;;
OV Berlin Neukölln;1. TZ, FGr N;Drahtseilklappkloben, 64 kN (6,4 t) Nutzlast, 2 rollig;2000;HERSTELLERUNABHÄNGIG - typenunabhängig;3940T22316;0058-004428;;;BL-Kloben-Haken;19.10.2019;i. O.;20;18.10.2020;;;;;;;
OV Berlin Neukölln;1. TZ, 1. B;Drahtseilklappkloben, 32 kN (3,2 t) Nutzlast;;GREIFZUG - HK31;3940T22317;0058-001104; ;;BL-Kloben-Haken;09.11.2019;i. O.;11;08.11.2020;;;;;;;
OV Berlin Neukölln;OV, Jugend (700);Drahtseilklappkloben, 32 kN (3,2 t) Nutzlast;1990;GREIFZUG - HK31;3940T22317;0058-003461;Jugend;;BL-Kloben-Haken;19.10.2019;i. O.;30;18.10.2020;;;;;;;
OV Berlin Neukölln;1. TZ, FGr W (B);Drahtseilklappkloben, 32 kN (3,2 t) Nutzlast;2000;GREIFZUG - HK31;3940T22317;0058-003468;FGr W;;BL-Kloben-Haken;19.10.2019;i. O.;20;18.10.2020;;;;;;;
OV Berlin Neukölln;1. TZ, FGr W (B);Drahtseilklappkloben, 32 kN (3,2 t) Nutzlast;2000;GREIFZUG - HK31;3940T22317;0058-003469;FGr W;;BL-Kloben-Haken;19.10.2019;i. O.;20;18.10.2020;;;;;;;
OV Berlin Neukölln;OV, SM/SK Raum (140);Drahtseilklappkloben, 32 kN (3,2 t) Nutzlast;1900;HERSTELLERUNABHÄNGIG - typenunabhängig;3940T22317;0058-003983;;;BL-Kloben-Haken;19.10.2019;i. O.;120;18.10.2020;;;;;;;
OV Berlin Neukölln;1. TZ, FGr N;Drahtseilklappkloben, 32 kN (3,2 t) Nutzlast;2000;HERSTELLERUNABHÄNGIG - typenunabhängig;3940T22317;0058-004427;;;BL-Kloben-Haken;19.10.2019;i. O.;20;18.10.2020;;;;;;;
OV Berlin Neukölln;1. TZ, 1. B, EGS;Zurrgurt mit Ratsche (4000 daN);2009;NN - NN (s. Beschreibung);3940T22340;0058-003435;EGS;;BL-Zurrgurt;19.10.2019;i. O.;11;18.10.2020;;;;;;;
OV Berlin Neukölln;1. TZ, 1. B, EGS;Zurrgurt mit Ratsche (4000 daN);2009;NN - NN (s. Beschreibung);3940T22340;0058-003436;EGS;;BL-Zurrgurt;19.10.2019;i. O.;11;18.10.2020;;;;;;;
OV Berlin Neukölln;1. TZ, FGr W (B);Zurrgurt mit Ratsche (4000 daN);1900;WÜRTH - 4000daN;3940T22340;0058-004043;;;BL-Zurrgurt;19.10.2019;i. O.;120;18.10.2020;;;;;;;
OV Berlin Neukölln;1. TZ, FGr W (B);Zurrgurt mit Ratsche (4000 daN);1900;WÜRTH - 4000daN;3940T22340;0058-004045;;;BL-Zurrgurt;19.10.2019;i. O.;120;18.10.2020;;;;;;;
OV Berlin Neukölln;1. TZ, FGr W (B);Zurrgurt mit Ratsche (4000 daN);1900;WÜRTH - 4000daN;3940T22340;0058-004048;;;BL-Zurrgurt;19.10.2019;i. O.;120;18.10.2020;;;;;;;
OV Berlin Neukölln;1. TZ, FGr W (B);Zurrgurt mit Ratsche (4000 daN);1900;WÜRTH - 4000daN;3940T22340;0058-004049;;;BL-Zurrgurt;19.10.2019;i. O.;120;18.10.2020;;;;;;;
OV Berlin Neukölln;1. TZ, FGr W (B);Zurrgurt mit Ratsche (4000 daN);1900;WÜRTH - 4000daN;3940T22340;0058-004050;;;BL-Zurrgurt;19.10.2019;i. O.;120;18.10.2020;;;;;;;
OV Berlin Neukölln;1. TZ, FGr W (B);Zurrgurt mit Ratsche (4000 daN);1900;WÜRTH - 4000daN;3940T22340;0058-004052;;;BL-Zurrgurt;19.10.2019;i. O.;120;18.10.2020;;;;;;;
OV Berlin Neukölln;1. TZ, FGr W (B);Zurrgurt mit Ratsche (4000 daN);1900;WÜRTH - 4000daN;3940T22340;0058-004053;;;BL-Zurrgurt;19.10.2019;i. O.;120;18.10.2020;;;;;;;
OV Berlin Neukölln;1. TZ, FGr W (B);Zurrgurt mit Ratsche (4000 daN);1900;WÜRTH - 4000daN;3940T22340;0058-004054;;;BL-Zurrgurt;19.10.2019;i. O.;120;18.10.2020;;;;;;;
OV Berlin Neukölln;1. TZ, FGr W (B);Zurrgurt mit Ratsche (4000 daN);1900;WÜRTH - 4000daN;3940T22340;0058-004055;;;BL-Zurrgurt;19.10.2019;i. O.;120;18.10.2020;;;;;;;
OV Berlin Neukölln;1. TZ, FGr W (B);Zurrgurt mit Ratsche (4000 daN);1900;WÜRTH - 4000daN;3940T22340;0058-004057;;;BL-Zurrgurt;19.10.2019;i. O.;120;18.10.2020;;;;;;;
OV Berlin Neukölln;1. TZ, FGr W (B);Zurrgurt mit Ratsche (4000 daN);1900;WÜRTH - 4000daN;3940T22340;0058-004058;;;BL-Zurrgurt;19.10.2019;i. O.;120;18.10.2020;;;;;;;
OV Berlin Neukölln;1. TZ, FGr W (B);Zurrgurt mit Ratsche (4000 daN);1900;WÜRTH - 4000daN;3940T22340;0058-004060;;;BL-Zurrgurt;01.01.1900;;;01.01.1901;;;;;;;
OV Berlin Neukölln;1. TZ, FGr W (B);Zurrgurt mit Ratsche (4000 daN);1900;WÜRTH - 4000daN;3940T22340;0058-004061;;;BL-Zurrgurt;19.10.2019;i. O.;120;18.10.2020;;;;;;;
OV Berlin Neukölln;1. TZ, FGr W (B);Zurrgurt mit Ratsche (4000 daN);1900;WÜRTH - 4000daN;3940T22340;0058-004062;;;BL-Zurrgurt;19.10.2019;i. O.;120;18.10.2020;;;;;;;
OV Berlin Neukölln;1. TZ, FGr W (B);Zurrgurt mit Ratsche (4000 daN);1900;WÜRTH - 4000daN;3940T22340;0058-004063;;;BL-Zurrgurt;19.10.2019;i. O.;120;18.10.2020;;;;;;;
OV Berlin Neukölln;1. TZ, FGr W (B);Zurrgurt mit Ratsche (4000 daN);1900;WÜRTH - 4000daN;3940T22340;0058-004064;;;BL-Zurrgurt;19.10.2019;i. O.;120;18.10.2020;;;;;;;
OV Berlin Neukölln;1. TZ, FGr W (B);Zurrgurt mit Ratsche (4000 daN);1900;WÜRTH - 4000daN;3940T22340;0058-004065;;;BL-Zurrgurt;19.10.2019;i. O.;120;18.10.2020;;;;;;;
OV Berlin Neukölln;1. TZ, FGr W (B);Zurrgurt mit Ratsche (4000 daN);1900;WÜRTH - 4000daN;3940T22340;0058-004066;;;BL-Zurrgurt;19.10.2019;i. O.;120;18.10.2020;;;;;;;
OV Berlin Neukölln;1. TZ, FGr W (B);Zurrgurt mit Ratsche (4000 daN);1900;WÜRTH - 4000daN;3940T22340;0058-004068;;;BL-Zurrgurt;19.10.2019;i. O.;120;18.10.2020;;;;;;;
OV Berlin Neukölln;1. TZ, FGr W (B);Zurrgurt mit Ratsche (4000 daN);1900;WÜRTH - 4000daN;3940T22340;0058-004069;;;BL-Zurrgurt;19.10.2019;i. O.;120;18.10.2020;;;;;;;
OV Berlin Neukölln;1. TZ, FGr W (B);Zurrgurt mit Ratsche (4000 daN);1900;WÜRTH - 4000daN;3940T22340;0058-004071;;;BL-Zurrgurt;19.10.2019;i. O.;120;18.10.2020;;;;;;;
OV Berlin Neukölln;1. TZ, FGr W (B);Zurrgurt mit Ratsche (4000 daN);1900;WÜRTH - 4000daN;3940T22340;0058-004072;;;BL-Zurrgurt;19.10.2019;i. O.;120;18.10.2020;;;;;;;
OV Berlin Neukölln;1. TZ, FGr W (B);Zurrgurt mit Ratsche (4000 daN);1900;WÜRTH - 4000daN;3940T22340;0058-004073;;;BL-Zurrgurt;19.10.2019;i. O.;120;18.10.2020;;;;;;;
OV Berlin Neukölln;1. TZ, FGr W (B);Zurrgurt mit Ratsche (4000 daN);1900;WÜRTH - 4000daN;3940T22340;0058-004074;;;BL-Zurrgurt;19.10.2019;i. O.;120;18.10.2020;;;;;;;
OV Berlin Neukölln;1. TZ, FGr W (B);Zurrgurt mit Ratsche (4000 daN);1900;WÜRTH - 4000daN;3940T22340;0058-004075;;;BL-Zurrgurt;19.10.2019;i. O.;120;18.10.2020;;;;;;;
OV Berlin Neukölln;1. TZ, FGr I;"Zurrgurt, einteilig; (2000 daN), 35 mm breit, 6m lang.";2017;TARGET - 2000 daN;3940T31250;0058-004435;würth;;BL-Zurrgurt;19.10.2019;i. O.;3;18.10.2020;;;;;;;
OV Berlin Neukölln;1. TZ, FGr W (B);Anschlagkette  2,8 t, 2,0 m lg, 2-Strang;2010;HERSTELLERUNABHÄNGIG - typenunabhängig;4010T00009;0055-007035;Länge 6 m;;BL-Kette;19.10.2019;i. O.;10;18.10.2020;;;;;;;
OV Berlin Neukölln;1. TZ, FGr W (B);Anschlagkette  2,8 t, 2,0 m lg, 2-Strang;2000;HERSTELLERUNABHÄNGIG - typenunabhängig;4010T00009;0058-003578;FGr W;;BL-Kette;19.10.2019;i. O.;20;18.10.2020;;;;;;;
OV Berlin Neukölln;1. TZ, FGr W (B);Anschlagseil 1,6 t, 1,8 m lg;2010;HERSTELLERUNABHÄNGIG - typenunabhängig;4010T00011;0055-007033;4-Strang 1,8 t Länge 3m;;BL-Anschlagseil;19.10.2019;i. O.;10;18.10.2020;;;;;;;
OV Berlin Neukölln;1. TZ, FGr W (B);Anschlagseil 1,6 t, 1,8 m lg;2000;HERSTELLERUNABHÄNGIG - typenunabhängig;4010T00011;0058-003601;FGr W / 2 t;;BL-Anschlagseil;19.10.2019;i. O.;20;18.10.2020;;;;;;;
OV Berlin Neukölln;1. TZ, FGr W (B);Anschlagseil 1,6 t, 1,8 m lg;2000;HERSTELLERUNABHÄNGIG - typenunabhängig;4010T00011;0058-003602;FGr W / 2 t;;BL-Anschlagseil;19.10.2019;i. O.;20;18.10.2020;;;;;;;
OV Berlin Neukölln;1. TZ, FGr W (B);Anschlagseil 1,6 t, 1,8 m lg;2000;HERSTELLERUNABHÄNGIG - typenunabhängig;4010T00011;0058-003603;FGr W / 2 t;;BL-Anschlagseil;19.10.2019;i. O.;20;18.10.2020;;;;;;;
OV Berlin Neukölln;OV, SM/SK Raum (140);Anschlagseil 1,6 t, 1,8 m lg;1900;HERSTELLERUNABHÄNGIG - typenunabhängig;4010T00011;0058-003984;;;BL-Anschlagseil;19.10.2019;i. O.;120;18.10.2020;;;;;;;
OV Berlin Neukölln;1. TZ, 1. B;Anschlagkette  3,15 t, 4,0 m lg, 2-Strang;2007;HERSTELLERUNABHÄNGIG - typenunabhängig;4010T22326;0055-001689;;;BL-Kette;09.11.2019;i. O.;12;08.11.2020;;;;;;;
OV Berlin Neukölln;1. TZ, FGr W (B);Anschlagkette  3,15 t, 4,0 m lg, 2-Strang;2018;HERSTELLERUNABHÄNGIG - typenunabhängig;4010T22326;0058-004445;2,8t/geneigt 2t/ 54550-16-M;;BL-Kette;19.10.2019;i. O.;2;18.10.2020;;;;;;;
OV Berlin Neukölln;1. TZ, FGr W (B);Anschlagkette  3,15 t, 4,0 m lg, 2-Strang;2018;HERSTELLERUNABHÄNGIG - typenunabhängig;4010T22326;0058-004446;2,8t/geneigt 2t/ 54549-16-M;;BL-Kette;19.10.2019;i. O.;2;18.10.2020;;;;;;;
OV Berlin Neukölln;1. TZ, 1. B;Anschlagkette  3,15 t, 4,0 m lg, 2-Strang;2000;HERSTELLERUNABHÄNGIG - typenunabhängig;4010T22326;0058-004680;;;BL-Kette;19.10.2019;i. O.;20;18.10.2020;;;;;;;
OV Berlin Neukölln;OV, SM/SK Raum (140);"Anschlagseil, 18 mm Ø; Stahldraht, 16 m lg";2000;HERSTELLERUNABHÄNGIG - typenunabhängig;4010T22333;0058-000167;;;BL-Anschlagseil;19.10.2019;i. O.;20;18.10.2020;;;;;;;
OV Berlin Neukölln;1. TZ, 1. B;"Anschlagseil, 18 mm Ø; Stahldraht, 16 m lg";;HERSTELLERUNABHÄNGIG - typenunabhängig;4010T22333;0058-001066; ;;BL-Anschlagseil;09.11.2019;i. O.;12;08.11.2020;;;;;;;
OV Berlin Neukölln;1. TZ, 1. B;Drahtseil 16 kN Nutzlast, 20 m lg;;HERSTELLERUNABHÄNGIG - typenunabhängig;4010T22334;0058-001106; ;;BL-Drahtseil;09.11.2019;i. O.;11;08.11.2020;;;;;;;
OV Berlin Neukölln;1. TZ, FGr I;Drahtseil 16 kN Nutzlast, 20 m lg;1983;GREIFZUG - typenunabhängig;4010T22334;0058-003410;Infra;;BL-Drahtseil;19.10.2019;i. O.;3;18.10.2020;;;;;;;
OV Berlin Neukölln;OV, Jugend (700);Drahtseil 16 kN Nutzlast, 20 m lg;1990;GREIFZUG - typenunabhängig;4010T22334;0058-003415;Jugend;;BL-Drahtseil;19.10.2019;i. O.;30;18.10.2020;;;;;;;
OV Berlin Neukölln;1. TZ, FGr I;Drahtseil 16 kN Nutzlast, 20 m lg;1981;GREIFZUG - typenunabhängig;4010T22334;0058-003430;Infra;;BL-Drahtseil;19.10.2019;i. O.;39;18.10.2020;;;;;;;
OV Berlin Neukölln;1. TZ, FGr W (B);Drahtseil 16 kN Nutzlast, 20 m lg;2000;GREIFZUG - typenunabhängig;4010T22334;0058-003481;FGr W;;BL-Drahtseil;19.10.2019;i. O.;20;18.10.2020;;;;;;;
OV Berlin Neukölln;1. TZ, FGr W (B);Drahtseil 16 kN Nutzlast, 20 m lg;2010;HERSTELLERUNABHÄNGIG - typenunabhängig;4010T22334;0058-003597;FGr W;;BL-Drahtseil;19.10.2019;i. O.;10;18.10.2020;;;;;;;
OV Berlin Neukölln;1. TZ, FGr W (B);Drahtseil 16 kN Nutzlast, 20 m lg;2010;HERSTELLERUNABHÄNGIG - typenunabhängig;4010T22334;0058-003599;FGr W;;BL-Drahtseil;19.10.2019;i. O.;10;18.10.2020;;;;;;;
OV Berlin Neukölln;1. TZ, 1. B;Drahtseil 16 kN Nutzlast, 50 m lg;;SIKA - NN;4010T22337;0058-001107; ;;BL-Drahtseil;09.11.2019;i. O.;11;08.11.2020;;;;;;;
OV Berlin Neukölln;1. TZ, FGr I;Drahtseil 16 kN Nutzlast, 50 m lg;1983;GREIFZUG - typenunabhängig;4010T22337;0058-003411;Infra;;BL-Drahtseil;19.10.2019;i. O.;37;18.10.2020;;;;;;;
OV Berlin Neukölln;OV, Jugend (700);Drahtseil 16 kN Nutzlast, 50 m lg;1990;GREIFZUG - typenunabhängig;4010T22337;0058-003416;Jugend;;BL-Drahtseil;20.10.2018;i. O.;29;20.10.2019;;;;;;;
OV Berlin Neukölln;1. TZ, FGr W (B);Drahtseil 16 kN Nutzlast, 50 m lg;2000;GREIFZUG - typenunabhängig;4010T22337;0058-003489;FGr W;;BL-Drahtseil;19.10.2019;i. O.;20;18.10.2020;;;;;;;
OV Berlin Neukölln;1. TZ, FGr W (B);Drahtseil 16 kN Nutzlast, 50 m lg;2000;GREIFZUG - typenunabhängig;4010T22337;0058-003514;FGr W;;BL-Drahtseil;19.10.2019;i. O.;20;18.10.2020;;;;;;;
OV Berlin Neukölln;1. TZ, FGr W (B);Drahtseil 16 kN Nutzlast, 50 m lg;2000;GREIFZUG - typenunabhängig;4010T22337;0058-003515;FGr W;;BL-Drahtseil;19.10.2019;i. O.;20;18.10.2020;;;;;;;
OV Berlin Neukölln;1. TZ, FGr W (B);Drahtseil 16 kN Nutzlast, 50 m lg;2000;GREIFZUG - typenunabhängig;4010T22337;0058-003516;FGr W;;BL-Drahtseil;19.10.2019;i. O.;20;18.10.2020;;;;;;;
OV Berlin Neukölln;1. TZ, FGr W (B);Drahtseil 16 kN Nutzlast, 50 m lg;2000;GREIFZUG - typenunabhängig;4010T22337;0058-003518;Fgr W;;BL-Drahtseil;19.10.2019;i. O.;20;18.10.2020;;;;;;;
OV Berlin Neukölln;1. TZ, 1. B;Anschlagseil 2,5 t;2010;HERSTELLERUNABHÄNGIG - typenunabhängig;4010T23345;0058-003607;1B1;;BL-Anschlagseil;09.11.2019;i. O.;10;08.11.2020;;;;;;;
OV Berlin Neukölln;1. TZ, FGr I;Anschlagkette  3,15 t, 5,0 m lg, 1-Strang;2000;HERSTELLERUNABHÄNGIG - typenunabhängig;4010T26333;0058-003426;Infra;;BL-Kette;09.11.2019;i. O.;20;08.11.2020;;;;;;;
OV Berlin Neukölln;1. TZ, FGr W (B);Anschlagkette  3,15 t, 4,0 m lg, 4-Strang;2005;HERSTELLERUNABHÄNGIG - typenunabhängig;4010T26334;0056-003838;040196 / MzAB;;BL-Kette;19.10.2019;i. O.;15;18.10.2020;;;;;;;
OV Berlin Neukölln;OV, SM/SK Raum (140);Zurrkette Ladungssicherung Tieflader;2019;MEILI - WMZA0108;4010T26335;0058-004571;;;BL-Zurrkette;12.10.2019;i. O.;2;11.10.2020;;;;;;;
OV Berlin Neukölln;OV, SM/SK Raum (140);Zurrkette Ladungssicherung Tieflader;2019;MEILI - WMZA0108;4010T26335;0058-004572;;;BL-Zurrkette;12.10.2019;i. O.;2;11.10.2020;;;;;;;
OV Berlin Neukölln;OV, SM/SK Raum (140);Zurrkette Ladungssicherung Tieflader;2019;MEILI - WMZA0108;4010T26335;0058-004573;;;BL-Zurrkette;12.10.2019;i. O.;2;11.10.2020;;;;;;;
OV Berlin Neukölln;OV, SM/SK Raum (140);Zurrkette Ladungssicherung Tieflader;2019;MEILI - WMZA0108;4010T26335;0058-004574;;;BL-Zurrkette;12.10.2019;i. O.;2;11.10.2020;;;;;;;
OV Berlin Neukölln;1. TZ, 1. B;"Hebeband 1,0 t ; 3 m lg; aus Polyester";2016;HEBEZONE - typenunabhängig;4020T00018;0058-004388;5695 2 m;;BL-Hebeband;23.09.2019;i. O.;4;22.09.2020;;;;;;;
OV Berlin Neukölln;1. TZ, 1. B;"Hebeband 1,0 t ; 3 m lg; aus Polyester";2016;HEBEZONE - typenunabhängig;4020T00018;0058-004389;5653 2 m;;BL-Hebeband;23.09.2019;i. O.;4;22.09.2020;;;;;;;
OV Berlin Neukölln;1. TZ, 1. B;"Hebeband 1,0 t ; 3 m lg; aus Polyester";2016;HEBEZONE - typenunabhängig;4020T00018;0058-004390;5656 2m;;BL-Hebeband;23.09.2019;i. O.;4;22.09.2020;;;;;;;
OV Berlin Neukölln;1. TZ, 1. B;"Hebeband 1,0 t ; 3 m lg; aus Polyester";2016;HEBEZONE - typenunabhängig;4020T00018;0058-004391;5650 2m;;BL-Hebeband;23.09.2019;i. O.;4;22.09.2020;;;;;;;
OV Berlin Neukölln;1. TZ, 1. B;"Hebeband 1,0 t ; 3 m lg; aus Polyester";2016;HEBEZONE - typenunabhängig;4020T00018;0058-004392;5698 2m;;BL-Hebeband;23.09.2019;i. O.;4;22.09.2020;;;;;;;
OV Berlin Neukölln;1. TZ, 1. B;"Hebeband 1,0 t ; 3 m lg; aus Polyester";2016;HEBEZONE - typenunabhängig;4020T00018;0058-004393;5660 2m;;BL-Hebeband;23.09.2019;i. O.;4;22.09.2020;;;;;;;
OV Berlin Neukölln;1. TZ, 1. B;"Hebeband 1,0 t ; 3 m lg; aus Polyester";2016;HEBEZONE - typenunabhängig;4020T00018;0058-004394;5689 2m;;BL-Hebeband;23.09.2019;i. O.;4;22.09.2020;;;;;;;
OV Berlin Neukölln;1. TZ, FGr N;"Hebeband 1,0 t ; 3 m lg; aus Polyester";2016;HEBEZONE - typenunabhängig;4020T00018;0058-004406;5756 2 m;;BL-Hebeband;20.09.2019;i. O.;4;19.09.2020;;;;;;;
OV Berlin Neukölln;1. TZ, FGr N;"Hebeband 1,0 t ; 3 m lg; aus Polyester";2016;HEBEZONE - typenunabhängig;4020T00018;0058-004407;5749 2 m;;BL-Hebeband;20.09.2019;i. O.;4;19.09.2020;;;;;;;
OV Berlin Neukölln;1. TZ, FGr N;"Hebeband 1,0 t ; 3 m lg; aus Polyester";2016;HEBEZONE - typenunabhängig;4020T00018;0058-004408;5732 2 m;;BL-Hebeband;20.09.2019;i. O.;4;19.09.2020;;;;;;;
OV Berlin Neukölln;1. TZ, FGr N;"Hebeband 1,0 t ; 3 m lg; aus Polyester";2016;HEBEZONE - typenunabhängig;4020T00018;0058-004409;5747 2 m;;BL-Hebeband;20.09.2019;i. O.;4;19.09.2020;;;;;;;
OV Berlin Neukölln;1. TZ, FGr N;"Hebeband 1,0 t ; 3 m lg; aus Polyester";2016;HEBEZONE - typenunabhängig;4020T00018;0058-004410;5762 2 m;;BL-Hebeband;20.09.2019;i. O.;4;19.09.2020;;;;;;;
OV Berlin Neukölln;1. TZ, FGr I;"Hebeband 1,0 t ; 3 m lg; aus Polyester";2016;HEBEZONE - typenunabhängig;4020T00018;0058-004412;5819 1T 2m;;BL-Hebeband;19.05.2020;i. O.;5;19.05.2021;;;;;;;
OV Berlin Neukölln;1. TZ, FGr I;"Hebeband 1,0 t ; 3 m lg; aus Polyester";2016;HEBEZONE - typenunabhängig;4020T00018;0058-004413;5874 1 T 2m;;BL-Hebeband;19.05.2020;i. O.;5;19.05.2021;;;;;;;
OV Berlin Neukölln;1. TZ, FGr I;"Hebeband 1,0 t ; 3 m lg; aus Polyester";2016;HEBEZONE - typenunabhängig;4020T00018;0058-004414;5827 1T 2m;;BL-Hebeband;19.05.2020;i. O.;5;19.05.2021;;;;;;;
OV Berlin Neukölln;1. TZ, FGr I;"Hebeband 1,0 t ; 3 m lg; aus Polyester";2016;HEBEZONE - typenunabhängig;4020T00018;0058-004415;5869 1T 2m;;BL-Hebeband;19.05.2020;i. O.;5;19.05.2021;;;;;;;
OV Berlin Neukölln;1. TZ, FGr I;"Hebeband 1,0 t ; 3 m lg; aus Polyester";2016;HEBEZONE - typenunabhängig;4020T00018;0058-004416;5873 1T 2m;;BL-Hebeband;19.05.2020;i. O.;5;19.05.2021;;;;;;;
OV Berlin Neukölln;1. TZ, FGr I;"Hebeband 1,0 t ; 3 m lg; aus Polyester";2016;HEBEZONE - typenunabhängig;4020T00018;0058-004417;5879 1T 2m;;BL-Hebeband;19.05.2020;i. O.;5;19.05.2021;;;;;;;
OV Berlin Neukölln;1. TZ, FGr I;"Hebeband 1,0 t ; 3 m lg; aus Polyester";2016;HEBEZONE - typenunabhängig;4020T00018;0058-004418;5868 1T 2m;;BL-Hebeband;19.05.2020;i. O.;5;19.05.2021;;;;;;;
OV Berlin Neukölln;1. TZ, FGr W (B);"Hebeband 2 t; 2 m lang";1999;TECHNOTEX - HB2/2;4020T00022;0058-003419;FGr W;;BL-Hebeband;19.10.2019;i. O.;21;18.10.2020;;;;;;;
OV Berlin Neukölln;1. TZ, FGr W (B);"Hebeband 2 t; 2 m lang";1999;TECHNOTEX - HB2/2;4020T00022;0058-003420;FGr W;;BL-Hebeband;19.10.2019;i. O.;21;18.10.2020;;;;;;;
OV Berlin Neukölln;1. TZ, FGr W (B);"Hebeband 2 t; 2 m lang";1999;TECHNOTEX - HB2/2;4020T00022;0058-003422;FGr W;;BL-Hebeband;19.10.2019;i. O.;21;18.10.2020;;;;;;;
OV Berlin Neukölln;1. TZ, FGr N;"Hebeband 2 t; 2 m lang";2016;TECHNOTEX - HB2/2;4020T00022;0058-004575;5741;;BL-Hebeband;19.10.2019;i. O.;4;18.10.2020;;;;;;;
OV Berlin Neukölln;1. TZ, FGr N;"Hebeband 2 t; 2 m lang";2016;TECHNOTEX - HB2/2;4020T00022;0058-004576;5748;;BL-Hebeband;19.10.2019;i. O.;4;18.10.2020;;;;;;;
OV Berlin Neukölln;1. TZ, FGr N;"Hebeband 2 t; 2 m lang";2016;TECHNOTEX - HB2/2;4020T00022;0058-004577;5764;;BL-Hebeband;19.10.2019;i. O.;4;18.10.2020;;;;;;;
OV Berlin Neukölln;1. TZ, FGr N;"Hebeband 2 t; 2 m lang";2016;TECHNOTEX - HB2/2;4020T00022;0058-004578;5770;;BL-Hebeband;19.10.2019;i. O.;4;18.10.2020;;;;;;;
OV Berlin Neukölln;1. TZ, FGr N;"Hebeband 2 t; 2 m lang";2016;TECHNOTEX - HB2/2;4020T00022;0058-004579;5754;;BL-Hebeband;19.10.2019;i. O.;4;18.10.2020;;;;;;;
OV Berlin Neukölln;1. TZ, FGr N;"Hebeband 2 t; 2 m lang";2016;TECHNOTEX - HB2/2;4020T00022;0058-004580;5736;;BL-Hebeband;19.10.2019;i. O.;4;18.10.2020;;;;;;;
OV Berlin Neukölln;1. TZ, FGr N;"Hebeband 2 t; 2 m lang";2016;TECHNOTEX - HB2/2;4020T00022;0058-004581;5746;;BL-Hebeband;19.10.2019;i. O.;4;18.10.2020;;;;;;;
OV Berlin Neukölln;OV, SM/SK Raum (140);Rundschlinge Polyester,  5 t,  4 m Umfang;2017;IMM HEBEWERKE - 5t, 4 m;4020T00030;0055-009419;Umfang 2,5m;;BL-Rundschlinge;19.10.2019;i. O.;3;18.10.2020;;;;;;;
OV Berlin Neukölln;OV, SM/SK Raum (140);Rundschlinge Polyester,  5 t,  4 m Umfang;2017;IMM HEBEWERKE - 5t, 4 m;4020T00030;0058-004099;;;BL-Rundschlinge;01.01.2017;;;01.01.2018;;;;;;;
OV Berlin Neukölln;1. TZ, 1. B;Rundschlinge Polyester,  6 t,  5 m Umfang;2017;MEILI - KR0605;4020T22354;0055-009414;;;BL-Rundschlinge;19.10.2019;i. O.;3;18.10.2020;;;;;;;
OV Berlin Neukölln;1. TZ, 1. B;Rundschlinge Polyester,  6 t,  5 m Umfang;2017;MEILI - KR0605;4020T22354;0055-009415;;;BL-Rundschlinge;19.10.2019;i. O.;3;18.10.2020;;;;;;;
OV Berlin Neukölln;OV, Jugend (700);Rundschlinge Polyester,  6 t,  5 m Umfang;2011;HERSTELLERUNABHÄNGIG - typenunabhängig;4020T22354;0058-004020;;;BL-Rundschlinge;19.10.2019;n. i. O.;7;19.10.2019;;;;;;;
OV Berlin Neukölln;OV, Jugend (700);Rundschlinge Polyester,  6 t,  5 m Umfang;2011;HERSTELLERUNABHÄNGIG - typenunabhängig;4020T22354;0058-004021;;;BL-Rundschlinge;09.11.2019;i. O.;9;08.11.2020;;;;;;;
OV Berlin Neukölln;1. TZ, FGr W (B);Rundschlinge Polyester,  6 t, 10 m Umfang;2010;MEILI - KR 0610;4020T22355;0058-002961;;;BL-Rundschlinge;19.10.2019;i. O.;10;18.10.2020;;;;;;;
OV Berlin Neukölln;1. TZ, FGr W (B);Rundschlinge Polyester,  6 t, 10 m Umfang;2007;HERSTELLERUNABHÄNGIG - typenunabhängig;4020T22355;0058-004031;;;BL-Rundschlinge;19.10.2019;i. O.;13;18.10.2020;;;;;;;
OV Berlin Neukölln;1. TZ, FGr W (B);Rundschlinge Polyester,  6 t, 10 m Umfang;2007;HERSTELLERUNABHÄNGIG - typenunabhängig;4020T22355;0058-004032;;;BL-Rundschlinge;19.10.2019;i. O.;13;18.10.2020;;;;;;;
OV Berlin Neukölln;1. TZ, FGr W (B);Rundschlinge Polyester,  1 t,  3 m Umfang;2016;MEILI - KR0103;4020T22356;0055-009254;Tragkraft 825 kg;;BL-Rundschlinge;19.10.2019;i. O.;4;18.10.2020;;;;;;;
OV Berlin Neukölln;1. TZ, FGr W (B);Rundschlinge Polyester,  1 t,  3 m Umfang;2016;MEILI - KR0103;4020T22356;0055-009255;ragkraft 825 kg;;BL-Rundschlinge;19.10.2019;i. O.;4;18.10.2020;;;;;;;
OV Berlin Neukölln;1. TZ, FGr W (B);Rundschlinge Polyester,  1 t,  3 m Umfang;2016;MEILI - KR0103;4020T22356;0055-009256;Tragkraft 825 kg;;BL-Rundschlinge;19.10.2019;i. O.;4;18.10.2020;;;;;;;
OV Berlin Neukölln;1. TZ, FGr W (B);Rundschlinge Polyester,  2 t,  5 m Umfang;2001;EXAM - 2,5;4020T22360;0058-004034;;;BL-Rundschlinge;19.10.2019;i. O.;19;18.10.2020;;;;;;;
OV Berlin Neukölln;1. TZ, FGr W (B);Rundschlinge Polyester,  3 t, 10 m Umfang;2002;EXAM - 3,10;4020T22362;0058-004026;;;BL-Rundschlinge;19.10.2019;i. O.;18;18.10.2020;;;;;;;
OV Berlin Neukölln;1. TZ, FGr W (B);Rundschlinge Polyester,  3 t, 10 m Umfang;2002;EXAM - 3,10;4020T22362;0058-004028;;;BL-Rundschlinge;19.10.2019;i. O.;18;18.10.2020;;;;;;;
OV Berlin Neukölln;1. TZ, FGr W (B);Rundschlinge Polyester,  3 t, 10 m Umfang;2007;EXAM - 3,10;4020T22362;0058-004036;;;BL-Rundschlinge;19.10.2019;i. O.;13;18.10.2020;;;;;;;
OV Berlin Neukölln;1. TZ, 1. B, EGS;Rundschlinge Polyester,  1 t,  2 m Umfang;2010;NN - NN (s. Beschreibung);4020T22370;0055-002775;;;BL-Rundschlinge;09.11.2019;i. O.;10;08.11.2020;;;;;;;
OV Berlin Neukölln;1. TZ, 1. B, EGS;Rundschlinge Polyester,  1 t,  2 m Umfang;2010;NN - NN (s. Beschreibung);4020T22370;0055-002776;;;BL-Rundschlinge;09.11.2019;i. O.;10;08.11.2020;;;;;;;
OV Berlin Neukölln;1. TZ, 1. B, EGS;Rundschlinge Polyester,  1 t,  2 m Umfang;2010;NN - NN (s. Beschreibung);4020T22370;0055-002779;;;BL-Rundschlinge;09.11.2019;i. O.;10;08.11.2020;;;;;;;
OV Berlin Neukölln;1. TZ, 1. B, EGS;Rundschlinge Polyester,  1 t,  2 m Umfang;2010;NN - NN (s. Beschreibung);4020T22370;0055-002784;;;BL-Rundschlinge;09.11.2019;i. O.;10;08.11.2020;;;;;;;
OV Berlin Neukölln;1. TZ, FGr W (B);Rundschlinge Polyester,  1 t,  1 m Umfang;2000;HERSTELLERUNABHÄNGIG - typenunabhängig;4020T22372;0058-004685;;;BL-Rundschlinge;19.10.2019;i. O.;20;18.10.2020;;;;;;;
OV Berlin Neukölln;1. TZ, FGr W (B);Rundschlinge Polyester,  1 t,  1 m Umfang;2000;HERSTELLERUNABHÄNGIG - typenunabhängig;4020T22372;0058-004686;;;BL-Rundschlinge;19.10.2019;i. O.;20;18.10.2020;;;;;;;
OV Berlin Neukölln;1. TZ, FGr W (B);Rundschlinge Polyester,  1 t,  1 m Umfang;2000;HERSTELLERUNABHÄNGIG - typenunabhängig;4020T22372;0058-004687;;;BL-Rundschlinge;19.10.2019;i. O.;20;18.10.2020;;;;;;;
OV Berlin Neukölln;1. TZ, FGr W (B);Rundschlinge Polyester,  1 t,  1 m Umfang;2000;HERSTELLERUNABHÄNGIG - typenunabhängig;4020T22372;0058-004688;;;BL-Rundschlinge;19.10.2019;i. O.;20;18.10.2020;;;;;;;
OV Berlin Neukölln;OV, SM/SK Raum (140);Rundschlinge Polyester,  3 t,  3 m Umfang;2017;MEILI - 3 t, 3 m;4020T22376;0055-009416;;;BL-Rundschlinge;19.10.2019;i. O.;3;18.10.2020;;;;;;;
OV Berlin Neukölln;OV, SM/SK Raum (140);Rundschlinge Polyester,  3 t,  3 m Umfang;2017;MEILI - 3 t, 3 m;4020T22376;0055-009417;;;BL-Rundschlinge;19.10.2019;i. O.;3;18.10.2020;;;;;;;
OV Berlin Neukölln;OV, SM/SK Raum (140);Rundschlinge Polyester,  3 t,  3 m Umfang;2017;MEILI - 3 t, 3 m;4020T22376;0055-009418;;;BL-Rundschlinge;19.10.2019;i. O.;3;18.10.2020;;;;;;;
OV Berlin Neukölln;OV, Jugend (700);Rundschlinge Polyester,  3 t,  4 m Umfang;2011;NN - NN (s. Beschreibung);4020T22378;0055-004757;Umfang 5 m;;BL-Rundschlinge;19.10.2019;i. O.;9;18.10.2020;;;;;;;
OV Berlin Neukölln;OV, Jugend (700);Rundschlinge Polyester,  3 t,  4 m Umfang;2011;NN - NN (s. Beschreibung);4020T22378;0055-004759;Umfanf 5 m;;BL-Rundschlinge;19.10.2019;i. O.;9;18.10.2020;;;;;;;
OV Berlin Neukölln;OV, Jugend (700);Rundschlinge Polyester,  3 t,  4 m Umfang;2011;NN - NN (s. Beschreibung);4020T22378;0055-004760;Umfang 5 m;;BL-Rundschlinge;19.10.2019;i. O.;9;18.10.2020;;;;;;;
OV Berlin Neukölln;OV, Jugend (700);Rundschlinge Polyester,  3 t,  4 m Umfang;2011;NN - NN (s. Beschreibung);4020T22378;0055-004761;Umfang 5 m;;BL-Rundschlinge;19.10.2019;i. O.;9;18.10.2020;;;;;;;
OV Berlin Neukölln;1. TZ, FGr W (B);Rundschlinge Polyester,  3 t,  4 m Umfang;2007;HERSTELLERUNABHÄNGIG - typenunabhängig;4020T22378;0058-004035;3t 5m;;BL-Rundschlinge;20.10.2018;i. O.;12;20.10.2019;;;;;;;
OV Berlin Neukölln;1. TZ, FGr W (B);Rundschlinge Polyester,  4 t,  8 m Umfang;2002;NN - NN (s. Beschreibung);4020T22380;0058-003417;08 0218957;;BL-Rundschlinge;19.10.2019;i. O.;18;18.10.2020;;;;;;;
OV Berlin Neukölln;1. TZ, FGr W (B);Rundschlinge Polyester,  4 t,  8 m Umfang;2002;NN - NN (s. Beschreibung);4020T22380;0058-003418;08 0218959;;BL-Rundschlinge;19.10.2019;i. O.;18;18.10.2020;;;;;;;
OV Berlin Neukölln;1. TZ, FGr W (B);Rundschlinge Polyester,  4 t,  8 m Umfang;2002;EXAM - 4,8;4020T22380;0058-004033;;;BL-Rundschlinge;19.10.2019;i. O.;18;18.10.2020;;;;;;;
OV Berlin Neukölln;1. TZ, FGr W (B);Rundschlinge Polyester, 10 t, 10 m Umfang;2013;HERSTELLERUNABHÄNGIG - typenunabhängig;4020T24352;0001-347829;;;BL-Rundschlinge;19.10.2019;i. O.;7;18.10.2020;;;;;;;
OV Berlin Neukölln;1. TZ, FGr W (B);Rundschlinge Polyester, 10 t, 10 m Umfang;2013;HERSTELLERUNABHÄNGIG - typenunabhängig;4020T24352;0001-347830;;;BL-Rundschlinge;19.10.2019;i. O.;7;18.10.2020;;;;;;;
OV Berlin Neukölln;1. TZ, FGr W (B);"Hebeband 3 t; 6 m lang";;HERSTELLERUNABHÄNGIG - typenunabhängig;4020T26346;0058-000425; ;;BL-Hebeband;19.10.2019;i. O.;5;18.10.2020;;;;;;;
OV Berlin Neukölln;1. TZ, FGr W (B);"Hebeband 3 t; 6 m lang";;HERSTELLERUNABHÄNGIG - typenunabhängig;4020T26346;0058-000426; ;;BL-Hebeband;19.10.2019;i. O.;5;18.10.2020;;;;;;;
OV Berlin Neukölln;1. TZ, FGr W (B);Rundschlinge Polyester, 10 t,  6 m Umfang;2013;HERSTELLERUNABHÄNGIG - typenunabhängig;4020T26357;0001-347833;;;BL-Rundschlinge;19.10.2019;i. O.;7;18.10.2020;;;;;;;
OV Berlin Neukölln;1. TZ, FGr W (B);Rundschlinge Polyester, 10 t,  6 m Umfang;2013;HERSTELLERUNABHÄNGIG - typenunabhängig;4020T26357;0001-347834;;;BL-Rundschlinge;19.10.2019;i. O.;7;18.10.2020;;;;;;;
OV Berlin Neukölln;1. TZ, 1. B;"Schäkel 12 t; hochfest, geschweifte Form mit Augbolzen";2000;SWL - 12T;4030T00001;0058-003647;1B1 / nicht geschweift;;BL-Schäkel;09.11.2019;i. O.;20;08.11.2020;;;;;;;
OV Berlin Neukölln;1. TZ, 1. B;"Schäkel 12 t; hochfest, geschweifte Form mit Augbolzen";2000;SWL - 12T;4030T00001;0058-003648;1B1 / nicht geschweift;;BL-Schäkel;12.10.2019;i. O.;20;11.10.2020;;;;;;;
OV Berlin Neukölln;1. TZ, 1. B;"Schäkel 12 t; hochfest, geschweifte Form mit Augbolzen";2000;SWL - 12T;4030T00001;0058-003650;1B1 / nicht geschweift;;BL-Schäkel;09.11.2019;i. O.;20;08.11.2020;;;;;;;
OV Berlin Neukölln;1. TZ, 1. B;"Schäkel 12 t; hochfest, geschweifte Form mit Augbolzen";2000;SWL - 12T;4030T00001;0058-003651;1B1 / nicht geschweift;;BL-Schäkel;09.11.2019;i. O.;20;08.11.2020;;;;;;;
OV Berlin Neukölln;OV, Jugend (700);Anschlagstück 5 t;2000;HERSTELLERUNABHÄNGIG - typenunabhängig;4030T22360;0058-003448;Jugend;;BL-Anschlagstück;19.10.2019;i. O.;20;18.10.2020;;;;;;;
OV Berlin Neukölln;1. TZ, FGr W (B);Anschlagstück 5 t;2000;HERSTELLERUNABHÄNGIG - typenunabhängig;4030T22360;0058-003449;FGr W;;BL-Anschlagstück;19.10.2019;i. O.;20;18.10.2020;;;;;;;
OV Berlin Neukölln;1. TZ, 1. B;Schäkel 10 t;;NN - NN (s. Beschreibung);4030T22364;0058-000464; ;;BL-Schäkel;09.11.2019;i. O.;12;08.11.2020;;;;;;;
OV Berlin Neukölln;OV, SM/SK Raum (140);Schäkel 10 t;2000;NN - NN (s. Beschreibung);4030T22364;0058-001317;1B2 / 12 t;;BL-Schäkel;12.10.2019;i. O.;20;11.10.2020;;;;;;;
OV Berlin Neukölln;OV, SM/SK Raum (140);Schäkel 10 t;2000;NN - NN (s. Beschreibung);4030T22364;0058-001318;1B2 7 12 t;;BL-Schäkel;12.10.2019;i. O.;20;11.10.2020;;;;;;;
OV Berlin Neukölln;OV, SM/SK Raum (140);Schäkel  5 t;;NN - NN (s. Beschreibung);4030T22365;0058-000274;6,5 t;;BL-Schäkel;12.10.2019;i. O.;13;11.10.2020;;;;;;;
OV Berlin Neukölln;OV, SM/SK Raum (140);Schäkel  5 t;;NN - NN (s. Beschreibung);4030T22365;0058-000275;6,5 t;;BL-Schäkel;12.10.2019;i. O.;13;11.10.2020;;;;;;;
OV Berlin Neukölln;1. TZ, FGr I;Schäkel  4 t;2000;HERSTELLERUNABHÄNGIG - typenunabhängig;4030T22370;0058-003434;Infra;;BL-Schäkel;12.10.2019;i. O.;20;11.10.2020;;;;;;;
OV Berlin Neukölln;1. TZ, FGr N;Schäkel  4 t;2000;HERSTELLERUNABHÄNGIG - typenunabhängig;4030T22370;0058-003664;2B / 4,5 t;;BL-Schäkel;12.10.2019;i. O.;20;11.10.2020;;;;;;;
OV Berlin Neukölln;1. TZ, FGr N;Schäkel  4 t;2000;HERSTELLERUNABHÄNGIG - typenunabhängig;4030T22370;0058-003665;2B /4,5 t;;BL-Schäkel;12.10.2019;i. O.;20;11.10.2020;;;;;;;
OV Berlin Neukölln;1. TZ, FGr N;Schäkel  4 t;2000;HERSTELLERUNABHÄNGIG - typenunabhängig;4030T22370;0058-003666;2B / 4,5 t;;BL-Schäkel;12.10.2019;i. O.;20;11.10.2020;;;;;;;
OV Berlin Neukölln;1. TZ, FGr N;Schäkel  4 t;2000;HERSTELLERUNABHÄNGIG - typenunabhängig;4030T22370;0058-003667;2B / 4,5 t;;BL-Schäkel;12.10.2019;i. O.;20;11.10.2020;;;;;;;
OV Berlin Neukölln;1. TZ, 1. B;Schäkel  3 t;2000;HERSTELLERUNABHÄNGIG - typenunabhängig;4030T22371;0058-004609;1B1;;BL-Schäkel;12.10.2019;i. O.;20;11.10.2020;;;;;;;
OV Berlin Neukölln;1. TZ, 1. B;Schäkel  3 t;2000;HERSTELLERUNABHÄNGIG - typenunabhängig;4030T22371;0058-004610;1B1;;BL-Schäkel;12.10.2019;i. O.;20;11.10.2020;;;;;;;
OV Berlin Neukölln;1. TZ, 1. B;Schäkel  3 t;2000;HERSTELLERUNABHÄNGIG - typenunabhängig;4030T22371;0058-004611;1B1;;BL-Schäkel;12.10.2019;i. O.;20;11.10.2020;;;;;;;
OV Berlin Neukölln;1. TZ, 1. B;Schäkel  3 t;2000;HERSTELLERUNABHÄNGIG - typenunabhängig;4030T22371;0058-004612;1B1;;BL-Schäkel;12.10.2019;i. O.;20;11.10.2020;;;;;;;
OV Berlin Neukölln;1. TZ, 1. B;Schäkel  3 t;2000;HERSTELLERUNABHÄNGIG - typenunabhängig;4030T22371;0058-004613;1B1;;BL-Schäkel;12.10.2019;i. O.;20;11.10.2020;;;;;;;
OV Berlin Neukölln;1. TZ, FGr N;Schäkel  6,5 t;2004;NN - NN (s. Beschreibung);4030T23365;0055-000265; ;;BL-Schäkel;12.10.2019;i. O.;11;11.10.2020;;;;;;;
OV Berlin Neukölln;1. TZ, FGr N;Schäkel  6,5 t;;NN - NN (s. Beschreibung);4030T23365;0058-000168; ;;BL-Schäkel;12.10.2019;i. O.;11;11.10.2020;;;;;;;
OV Berlin Neukölln;1. TZ, FGr N;Schäkel  6,5 t;;NN - NN (s. Beschreibung);4030T23365;0058-000169; ;;BL-Schäkel;12.10.2019;i. O.;11;11.10.2020;;;;;;;
OV Berlin Neukölln;1. TZ, FGr N;Schäkel  6,5 t;2000;NN - NN (s. Beschreibung);4030T23365;0058-001476; ;;BL-Schäkel;12.10.2019;i. O.;11;11.10.2020;;;;;;;
OV Berlin Neukölln;1. TZ, FGr I;Schäkel  6,5 t;2000;NN - NN (s. Beschreibung);4030T23365;0058-003425;Infra;;BL-Schäkel;12.10.2019;i. O.;20;11.10.2020;;;;;;;
OV Berlin Neukölln;1. TZ, FGr I;Schäkel  6,5 t;2000;NN - NN (s. Beschreibung);4030T23365;0058-003433;Infra;;BL-Schäkel;12.10.2019;i. O.;20;11.10.2020;;;;;;;
OV Berlin Neukölln;OV, SM/SK Raum (140);Schäkel  6,5 t;2000;NN - NN (s. Beschreibung);4030T23365;0058-003580;1B2;;BL-Schäkel;12.10.2019;i. O.;20;11.10.2020;;;;;;;
OV Berlin Neukölln;1. TZ, 1. B;Schäkel  6,5 t;2000;NN - NN (s. Beschreibung);4030T23365;0058-003645;1B1;;BL-Schäkel;09.11.2019;i. O.;20;08.11.2020;;;;;;;
OV Berlin Neukölln;1. TZ, 1. B;Schäkel  6,5 t;2000;NN - NN (s. Beschreibung);4030T23365;0058-003646;1B1;;BL-Schäkel;09.11.2019;i. O.;20;08.11.2020;;;;;;;
OV Berlin Neukölln;1. TZ, 1. B;Schäkel  6,5 t;2000;NN - NN (s. Beschreibung);4030T23365;0058-003658;1B1;;BL-Schäkel;09.11.2019;i. O.;20;08.11.2020;;;;;;;
OV Berlin Neukölln;1. TZ, 1. B;Schäkel  6,5 t;2000;NN - NN (s. Beschreibung);4030T23365;0058-003659;1B1;;BL-Schäkel;09.11.2019;i. O.;20;08.11.2020;;;;;;;
OV Berlin Neukölln;1. TZ, FGr N;Schäkel  8,5 t, mit Auge;2000;HERSTELLERUNABHÄNGIG - typenunabhängig;4030T23368;0058-003660;2B /ohne Angel;;BL-Schäkel;12.10.2019;i. O.;20;11.10.2020;;;;;;;
OV Berlin Neukölln;1. TZ, FGr N;Schäkel  8,5 t, mit Auge;2000;HERSTELLERUNABHÄNGIG - typenunabhängig;4030T23368;0058-003661;2B / ohne Angel;;BL-Schäkel;12.10.2019;i. O.;20;11.10.2020;;;;;;;
OV Berlin Neukölln;1. TZ, FGr N;Schäkel  8,5 t, mit Auge;2000;HERSTELLERUNABHÄNGIG - typenunabhängig;4030T23368;0058-003662;2B / ohne Angel;;BL-Schäkel;12.10.2019;i. O.;20;11.10.2020;;;;;;;
OV Berlin Neukölln;1. TZ, FGr N;Schäkel  8,5 t, mit Auge;2000;HERSTELLERUNABHÄNGIG - typenunabhängig;4030T23368;0058-003663;2B / ohne Angel;;BL-Schäkel;12.10.2019;i. O.;20;11.10.2020;;;;;;;
OV Berlin Neukölln;1. TZ, FGr N;Schäkel  8,5 t, mit Auge;2000;HERSTELLERUNABHÄNGIG - typenunabhängig;4030T23368;0058-003668;2B / ohne Angel;;BL-Schäkel;12.10.2019;i. O.;20;11.10.2020;;;;;;;
OV Berlin Neukölln;1. TZ, 1. B;Drahtseil-Zuggerät 16  kN;;HABEGGER - HIT 16;5120T22913;0058-001103;20592;;BL-Seilzug;09.11.2019;i. O.;3;08.11.2020;;;;;;;
OV Berlin Neukölln;1. TZ, FGr W (B);Drahtseil-Zuggerät 16  kN;1990;GREIFZUG - 1,5t;5120T22913;0058-002093;9338;;BL-Seilzug;19.10.2019;i. O.;30;18.10.2020;;;;;;;
OV Berlin Neukölln;1. TZ, FGr W (B);Drahtseil-Zuggerät 16  kN;1990;GREIFZUG - 1,5t;5120T22913;0058-002094;9343;;BL-Seilzug;19.10.2019;i. O.;30;18.10.2020;;;;;;;
OV Berlin Neukölln;1. TZ, FGr W (B);Drahtseil-Zuggerät 16  kN;1965;GREIFZUG - 1,5t;5120T22913;0058-002095;7936;;BL-Seilzug;19.10.2019;n. i. O.;54;19.10.2019;;;;;;;
OV Berlin Neukölln;1. TZ, FGr W (B);Drahtseil-Zuggerät 16  kN;1962;GREIFZUG - 1,5t;5120T22913;0058-002096;118264;;BL-Seilzug;19.10.2019;i. O.;58;18.10.2020;;;;;;;
OV Berlin Neukölln;1. TZ, FGr W (B);Drahtseil-Zuggerät 16  kN;1962;GREIFZUG - 1,5t;5120T22913;0058-002097;90474;;BL-Seilzug;19.10.2019;i. O.;58;18.10.2020;;;;;;;
OV Berlin Neukölln;1. TZ, FGr W (B);Drahtseil-Zuggerät 16  kN;1965;GREIFZUG - 1,5t;5120T22913;0058-002098;9392;;BL-Seilzug;19.10.2019;i. O.;55;18.10.2020;;;;;;;
OV Berlin Neukölln;1. TZ, FGr W (B);Drahtseil-Zuggerät 16  kN;1962;GREIFZUG - 1,5t;5120T22913;0058-002099;83651;;BL-Seilzug;19.10.2019;i. O.;58;18.10.2020;;;;;;;
OV Berlin Neukölln;1. TZ, FGr W (B);Drahtseil-Zuggerät 16  kN;1970;GREIFZUG - 1,5t;5120T22913;0058-002100;33587;;BL-Seilzug;19.10.2019;n. i. O.;49;19.10.2019;;;;;;;
OV Berlin Neukölln;1. TZ, FGr W (B);Drahtseil-Zuggerät 16  kN;1970;GREIFZUG - 1,5t;5120T22913;0058-002101;32025;;BL-Seilzug;19.10.2019;i. O.;50;18.10.2020;;;;;;;
OV Berlin Neukölln;1. TZ, FGr I;Drahtseil-Zuggerät 16  kN;1983;GREIFZUG - TU16;5120T22913;0058-003408;97441;;BL-Seilzug;19.10.2019;i. O.;37;18.10.2020;;;;;;;
OV Berlin Neukölln;OV, Jugend (700);Drahtseil-Zuggerät 16  kN;1990;GREIFZUG - TU16;5120T22913;0058-003413;9339;;BL-Seilzug;19.10.2019;i. O.;30;18.10.2020;;;;;;;
OV Berlin Neukölln;1. TZ, FGr I;Drahtseil-Zuggerät 16  kN;1981;GREIFZUG - TU16;5120T22913;0058-003429;M90747 / Infra;;BL-Seilzug;19.10.2019;i. O.;39;18.10.2020;;;;;;;
OV Berlin Neukölln;1. TZ, FGr W (B);Drahtseil-Zuggerät 16  kN;1962;GREIFZUG - TU16;5120T22913;0058-003605;87567;;BL-Seilzug;19.10.2019;i. O.;58;18.10.2020;;;;;;;
OV Berlin Neukölln;1. TZ, FGr N;Drahtseil-Zuggerät 16  kN;1981;GREIFZUG - TU16;5120T22913;0058-003606;M90752 / b2;;BL-Seilzug;19.10.2019;i. O.;39;18.10.2020;;;;;;;
OV Berlin Neukölln;OV, SM/SK Raum (140);Drahtseil-Zuggerät 16  kN;1900;GREIFZUG - TU16;5120T22913;0058-003985;;;BL-Seilzug;19.10.2019;i. O.;120;18.10.2020;;;;;;;
OV Berlin Neukölln;1. TZ, 1. B;Kettenmotorsäge 3,5 kW;2020;STIHL - MS 461 R;3695T22269;0058-004784;188050677;;BT-Kettensäge;01.01.2020;;;31.12.2020;;;;;;;
OV Berlin Neukölln;1. TZ, 1. B;Kettenmotorsäge 4,5 kW;2012;STIHL - MS440;3695T22270;0055-005549;176234922;;BT-Kettensäge;19.10.2019;i. O.;8;18.10.2020;;;;;;;
OV Berlin Neukölln;1. TZ, FGr N;Kettenmotorsäge 4,5 kW;2013;STIHL - MS440C;3695T22270;0055-005684;176233754;;BT-Kettensäge;20.10.2018;i. O.;6;20.10.2019;;;;;;;
OV Berlin Neukölln;1. TZ, FGr N;Kettenelektrosäge, trgb. ca. 30 cm Schnittlänge;2003;STIHL - E140;3695T23268;0050-001150;161170327;;BT-Kettensäge;18.10.2016;i. O.;14;18.10.2017;;;;;;;
OV Berlin Neukölln;1. TZ, 1. B;"Trennschleifer, Motor; tragbar";2018;STIHL - TS 420;5130T22930;0058-004400;184982438;;BT-Trennschleifer;19.10.2019;i. O.;2;18.10.2020;;;;;;;
OV Berlin Neukölln;1. TZ, FGr N;"Trennschleifer, Motor; tragbar";2018;STIHL - TS 420;5130T22930;0058-004404;184982476;;BT-Trennschleifer;20.10.2018;i. O.;1;20.10.2019;;;;;;;
OV Berlin Neukölln;1. TZ, FGr I;"Trennschleifer, Motor; tragbar";2018;STIHL - TS 420;5130T22930;0058-004557;185560256;;BT-Trennschleifer;19.10.2019;i. O.;2;18.10.2020;;;;;;;
OV Berlin Neukölln;OV, Garage (500);Hochdruckreiniger, Heißwasser, Dieselantrieb;2002;KÄRCHER - HDS 790CS;5130T91660;0058-001534;31197;;BT-Flüssigkeitsstrahler;01.01.2002;;;01.01.2003;;;;;;;
OV Berlin Neukölln;OV, Küche (190);Leiter, Aluminium;2015;HAILO - NN;5440T00001;0055-007060;Küche;;BT-Leiter allg.;19.10.2019;i. O.;5;18.10.2020;;;;;;;
OV Berlin Neukölln;OV, SM/SK Raum (140);Leiter, Aluminium;2011;HERSTELLERUNABHÄNGIG - 1,5;5440T00001;0058-004424;;;BT-Leiter allg.;19.10.2019;i. O.;9;18.10.2020;;;;;;;
OV Berlin Neukölln;OV, SM/SK Raum (140);Leiter, Aluminium;2011;HERSTELLERUNABHÄNGIG - 1,5;5440T00001;0058-004425;;;BT-Leiter allg.;19.10.2019;i. O.;9;18.10.2020;;;;;;;
OV Berlin Neukölln;OV, Garage (500);Leiter, Aluminium;2000;ZARGES - 3 m;5440T00001;0058-004434;40305;;BT-Leiter allg.;19.10.2019;i. O.;20;18.10.2020;;;;;;;
OV Berlin Neukölln;1. TZ, 1. B;Leiter, Aluminium;2018;HERSTELLERUNABHÄNGIG - 1,5;5440T00001;0058-004551;;;BT-Leiter allg.;01.01.2018;;;01.01.2019;;;;;;;
OV Berlin Neukölln;1. TZ, FGr I;Leiter, Aufstieg;2000;FREYTAG - LKW;5440T00011;0058-004689;Unimog;;BT-Leiter allg.;19.10.2019;i. O.;20;18.10.2020;;;;;;;
OV Berlin Neukölln;1. TZ, FGr I;Leiter, Kombi-, Teleskop-;2018;FINETHER - typenunabhängig;5440T00058;0058-004282;;;BT-Leiter allg.;19.10.2019;i. O.;2;18.10.2020;;;;;;;
OV Berlin Neukölln;1. TZ, FGr I;Leiter, Kombi-, Teleskop-;2018;FINETHER - typenunabhängig;5440T00058;0058-004283;;;BT-Leiter allg.;01.01.2018;;;01.01.2019;;;;;;;
OV Berlin Neukölln;OV, Garage (500);Leiter, Podest;2013;GÜNZBURGER - SONDERANFERTIGUNG;5440T00500;0055-006418;Aufstiegsleiter für Anhänger;;BT-Leiter allg.;01.01.2013;;;01.01.2014;;;;;;;
OV Berlin Neukölln;1. TZ, FGr I;Leiter, Feuerwehr, A-Teil (Unterteil);2010;NN - NN (s. Beschreibung);5440T22262;0055-003541;Typ Dönges;;BT-Steckleiter;19.10.2019;i. O.;10;18.10.2020;;;;;;;
OV Berlin Neukölln;1. TZ, 1. B;Leiter, Feuerwehr, A-Teil (Unterteil);2014;NN - NN (s. Beschreibung);5440T22262;0055-006751;Typ Dönges;;BT-Steckleiter;19.10.2019;i. O.;6;18.10.2020;;;;;;;
OV Berlin Neukölln;1. TZ, FGr N;Leiter, Feuerwehr, A-Teil (Unterteil);2014;NN - NN (s. Beschreibung);5440T22262;0055-006752;;;BT-Steckleiter;19.10.2019;i. O.;6;18.10.2020;;;;;;;
OV Berlin Neukölln;1. TZ, FGr I;Leiter, Feuerwehr, B-Teil (Oberteil);2010;NN - NN (s. Beschreibung);5440T22263;0055-003542;Typ Dönges;;BT-Steckleiter;19.10.2019;i. O.;10;18.10.2020;;;;;;;
OV Berlin Neukölln;1. TZ, FGr I;Leiter, Feuerwehr, B-Teil (Oberteil);2010;NN - NN (s. Beschreibung);5440T22263;0055-003547;Typ Dönges;;BT-Steckleiter;19.10.2019;i. O.;10;18.10.2020;;;;;;;
OV Berlin Neukölln;1. TZ, 1. B;Leiter, Feuerwehr, B-Teil (Oberteil);2014;NN - NN (s. Beschreibung);5440T22263;0055-006753;Typ Dönges;;BT-Steckleiter;19.10.2019;i. O.;6;18.10.2020;;;;;;;
OV Berlin Neukölln;1. TZ, 1. B;Leiter, Feuerwehr, B-Teil (Oberteil);2014;NN - NN (s. Beschreibung);5440T22263;0055-006834;Typ Dönges;;BT-Steckleiter;19.10.2019;i. O.;6;18.10.2020;;;;;;;
OV Berlin Neukölln;1. TZ, 1. B;Leiter, Feuerwehr, B-Teil (Oberteil);2014;NN - NN (s. Beschreibung);5440T22263;0055-006835;Typ Dönges;;BT-Steckleiter;19.10.2019;i. O.;6;18.10.2020;;;;;;;
OV Berlin Neukölln;1. TZ, FGr N;Leiter, Feuerwehr, B-Teil (Oberteil);2015;NN - NN (s. Beschreibung);5440T22263;0055-007374;Typ Dönges;;BT-Steckleiter;19.10.2019;i. O.;5;18.10.2020;;;;;;;
OV Berlin Neukölln;1. TZ, FGr I;Leiter, Feuerwehr, Z-Teil (Einsteckteil);2010;NN - NN (s. Beschreibung);5440T22264;0055-003543;Typ Dönges;;BT-Steckleiter;19.10.2019;i. O.;10;18.10.2020;;;;;;;
OV Berlin Neukölln;1. TZ, 1. B;Leiter, Feuerwehr, Z-Teil (Einsteckteil);2014;NN - NN (s. Beschreibung);5440T22264;0055-006754;;;BT-Steckleiter;19.10.2019;i. O.;6;18.10.2020;;;;;;;
OV Berlin Neukölln;1. TZ, FGr N;Leiter, Feuerwehr, Z-Teil (Einsteckteil);2015;NN - NN (s. Beschreibung);5440T22264;0055-007373;Typ Dönges;;BT-Steckleiter;19.10.2019;i. O.;5;18.10.2020;;;;;;;
OV Berlin Neukölln;OV, Garage (500);"Windenstütze (Deckenstütze), ca. 1700 - 3000 mm; 20 kN";2000;LINNEPE - Firestay 1700 - 3000;5440T22268;0058-004438;;;BT-Windenstuetzen;20.10.2018;i. O.;19;20.10.2019;;;;;;;
OV Berlin Neukölln;1. TZ, 1. B;Leiter, Feuerwehr, Steckleiter-Verbindungsteil;2014;NN - NN (s. Beschreibung);5440T23265;0055-006745;Typ Dönges;;BT-Steckleiter;19.10.2019;i. O.;6;18.10.2020;;;;;;;
OV Berlin Neukölln;OV, SM/SK Raum (140);Leiter, Feuerwehr, Steckleiter-Verbindungsteil;2015;NN - NN (s. Beschreibung);5440T23265;0055-007491;;;BT-Steckleiter;19.10.2019;i. O.;5;18.10.2020;;;;;;;
OV Berlin Neukölln;1. TZ, FGr N;Krankentrage;;HERSTELLERUNABHÄNGIG - typenunabhängig;6530T00481;0058-000175;;;BT-Krankentransportmittel;19.10.2019;i. O.;12;18.10.2020;;;;;;;
OV Berlin Neukölln;1. TZ, 1. B;Krankentrage;;HERSTELLERUNABHÄNGIG - typenunabhängig;6530T00481;0058-000304;;;BT-Krankentransportmittel;09.11.2019;i. O.;12;08.11.2020;;;;;;;
OV Berlin Neukölln;1. TZ, FGr I;Krankentrage;1900;HERSTELLERUNABHÄNGIG - typenunabhängig;6530T00481;0058-004040;;;BT-Krankentransportmittel;19.10.2019;i. O.;120;18.10.2020;;;;;;;
OV Berlin Neukölln;1. TZ, FGr N;Bergeschleppe;;HERSTELLERUNABHÄNGIG - typenunabhängig;6530T22477;0058-000306; ;;BT-Krankentransportmittel;19.10.2019;i. O.;12;18.10.2020;;;;;;;
OV Berlin Neukölln;1. TZ, 1. B;Bergeschleppe;1900;HERSTELLERUNABHÄNGIG - typenunabhängig;6530T22477;0058-004024;;;BT-Krankentransportmittel;19.10.2019;i. O.;120;18.10.2020;;;;;;;
OV Berlin Neukölln;1. TZ, 1. B;Korbtrage mit Seilgehänge und Laufkatze;1900;SCHÜLKE - typenunabhängig;6530T22479;0058-004023;1. B1;;BT-Krankentransportmittel;19.10.2019;i. O.;120;18.10.2020;;;;;;;
OV Berlin Neukölln;1. TZ, FGr N;Korbtrage mit Seilgehänge und Laufkatze;2000;SCHÜLKE - typenunabhängig;6530T22479;0058-004684;;;BT-Krankentransportmittel;19.10.2019;i. O.;20;18.10.2020;;;;;;;
OV Berlin Neukölln;1. TZ, FGr W (B);Sanitätsmaterial Kfz nach DIN 13164;2011;SÖHNGEN - 13164;6545T00001;0001-287279;;;BT-Sanitätskasten;19.10.2019;i. O.;9;18.10.2020;;;;;;;
OV Berlin Neukölln;1. TZ, FGr W (B);Sanitätsmaterial Kfz nach DIN 13164;2016;HERSTELLERUNABHÄNGIG - DIN 13164;6545T00001;0055-009248;;;BT-Sanitätskasten;19.10.2019;i. O.;4;18.10.2020;;;;;;;
OV Berlin Neukölln;1. TZ, FGr W (B);Sanitätsmaterial Kfz nach DIN 13164;2016;HERSTELLERUNABHÄNGIG - DIN 13164;6545T00001;0055-009249;;;BT-Sanitätskasten;19.10.2019;i. O.;4;18.10.2020;;;;;;;
OV Berlin Neukölln;OV-Stab;Sanitätsmaterial Kfz nach DIN 13164;2016;HERSTELLERUNABHÄNGIG - DIN 13164;6545T00001;0055-009251;THW 83655;;BT-Sanitätskasten;19.10.2019;i. O.;4;18.10.2020;;;;;;;
OV Berlin Neukölln;1. TZ, FGr W (B);Sanitätskasten Kfz nach DIN 13164-B;2013;SÖHNGEN - 13164 B;6545T21484;0001-347765;;;BT-Sanitätskasten;19.10.2019;i. O.;7;18.10.2020;;;;;;;
OV Berlin Neukölln;OV-Stab;Sanitätskasten Kfz nach DIN 13164-B;2015;SÖHNGEN - 13164 B;6545T21484;0001-385888;;;BT-Sanitätskasten;19.10.2019;i. O.;5;18.10.2020;;;;;;;
OV Berlin Neukölln;1. TZ, FGr I;Sanitätskasten Kfz nach DIN 13164-B;2016;HERSTELLERUNABHÄNGIG - 13164 B;6545T21484;0001-416508;;;BT-Sanitätskasten;19.10.2019;i. O.;4;18.10.2020;;;;;;;
OV Berlin Neukölln;OV, SM/SK Raum (140);Sanitätskasten Kfz nach DIN 13164-B;2015;SÖHNGEN - 13164 B;6545T21484;0055-007368;;;BT-Sanitätskasten;19.10.2019;i. O.;5;18.10.2020;;;;;;;
OV Berlin Neukölln;OV, SM/SK Raum (140);Sanitätskasten Kfz nach DIN 13164-B;2015;SÖHNGEN - 13164 B;6545T21484;0055-007369;;;BT-Sanitätskasten;19.10.2019;i. O.;5;18.10.2020;;;;;;;
OV Berlin Neukölln;OV, SM/SK Raum (140);Sanitätskasten Kfz nach DIN 13164-B;2015;SÖHNGEN - 13164 B;6545T21484;0055-007370;;;BT-Sanitätskasten;19.10.2019;i. O.;5;18.10.2020;;;;;;;
OV Berlin Neukölln;OV, SM/SK Raum (140);Sanitätskasten Kfz nach DIN 13164-B;2015;SÖHNGEN - 13164 B;6545T21484;0055-007371;;;BT-Sanitätskasten;19.10.2019;i. O.;5;18.10.2020;;;;;;;
OV Berlin Neukölln;1. TZ, FGr W (B);Sanitätskasten DIN 13157;2013;HERSTELLERUNABHÄNGIG - DIN 13157;6545T22010;0056-003342;HD 06/2025;;BT-Sanitätskasten;19.10.2019;i. O.;8;18.10.2020;;;;;;;
OV Berlin Neukölln;OV, AN Ausstattung OV (200);Leiter, klapp;2011;NN - NN (s. Beschreibung);7105T11038;0055-005014;;;BT-Leiter allg.;19.10.2019;i. O.;9;18.10.2020;;;;;;;
OV Berlin Neukölln;1. TZ, FGr N;Jacke, Schnittschutz;2018;GRUBE - Schnittschutzjacke nach DIN EN 381-11 Rumpfschutz Klasse 1;8415T22885;0058-004371;Größe S;;BT-Schnittschutz;01.01.2018;;;01.01.2019;;;;;;;
OV Berlin Neukölln;1. TZ, 1. B;Jacke, Schnittschutz;2018;GRUBE - Schnittschutzjacke nach DIN EN 381-11 Rumpfschutz Klasse 1;8415T22885;0058-004372;Größe XL;;BT-Schnittschutz;01.01.2018;;;01.01.2019;;;;;;;
OV Berlin Neukölln;1. TZ, 1. B;Jacke, Schnittschutz;2018;SIP - Schnittschutzjacke, orange, EN381;8415T22885;0058-004464;Größe S;;BT-Schnittschutz;23.10.2018;i. O.;1;23.10.2019;;;;;;;
OV Berlin Neukölln;1. TZ, FGr N;Hose, Schnittschutz;2017;NOVOTEX - verschiedene Grössen;8415T22886;0055-009320;Größe 58;;BT-Schnittschutz;01.01.2017;;;01.01.2018;;;;;;;
OV Berlin Neukölln;1. TZ, 1. B;Hose, Schnittschutz;2017;NOVOTEX - verschiedene Grössen;8415T22886;0055-009321;Größe 58;;BT-Schnittschutz;01.01.2017;;;01.01.2018;;;;;;;
OV Berlin Neukölln;1. TZ, FGr N;Hose, Schnittschutz;2017;NOVOTEX - verschiedene Grössen;8415T22886;0055-009322;Größe 60;;BT-Schnittschutz;01.01.2017;;;01.01.2018;;;;;;;
OV Berlin Neukölln;OV, SM/SK Raum (140);Hose, Schnittschutz;2017;NOVOTEX - verschiedene Grössen;8415T22886;0055-010218;Economy Plus;;BT-Schnittschutz;01.01.2017;;;01.01.2018;;;;;;;
OV Berlin Neukölln;OV, SM/SK Raum (140);Hose, Schnittschutz;2017;STIHL - verschiedene Grössen;8415T22886;0055-010219;Latzhose;;BT-Schnittschutz;24.10.2018;i. O.;2;24.10.2019;;;;;;;
OV Berlin Neukölln;1. TZ, FGr N;Hose, Schnittschutz;2013;STIHL - verschiedene Grössen;8415T22886;0058-004206;;;BT-Schnittschutz;23.10.2018;n. i. O.;5;23.10.2018;;;;;;;
OV Berlin Neukölln;1. TZ, FGr N;Hose, Schnittschutz;2013;STIHL - verschiedene Grössen;8415T22886;0058-004207;;;BT-Schnittschutz;23.10.2018;i. O.;6;23.10.2019;;;;;;;
OV Berlin Neukölln;OV, AN Ausstattung OV (200);Hose, Schnittschutz;2016;GRUBE - verschiedene Grössen;8415T22886;0058-004208;größe60;;BT-Schnittschutz;24.10.2018;i. O.;3;24.10.2019;;;;;;;
OV Berlin Neukölln;OV, AN Ausstattung OV (200);Hose, Schnittschutz;2015;STIHL - verschiedene Grössen;8415T22886;0058-004209;Größe64;;BT-Schnittschutz;24.10.2017;i. O.;3;24.10.2018;;;;;;;
OV Berlin Neukölln;OV, AN Ausstattung OV (200);Hose, Schnittschutz;2017;WOODIX - verschiedene Grössen;8415T22886;0058-004210;hersteller: Watex;;BT-Schnittschutz;23.10.2017;i. O.;1;23.10.2018;;;;;;;
OV Berlin Neukölln;OV, SM/SK Raum (140);Hose, Schnittschutz;2018;GRUBE - verschiedene Grössen;8415T22886;0058-004420;Gr.66;;BT-Schnittschutz;01.01.2018;;;01.01.2019;;;;;;;
OV Berlin Neukölln;1. TZ, FGr I;Hose, Schnittschutz;2018;GRUBE - verschiedene Grössen;8415T22886;0058-004421;Gr.66;;BT-Schnittschutz;01.01.2018;;;01.01.2019;;;;;;;
OV Berlin Neukölln;1. TZ, 1. B;Hose, Schnittschutz;2013;NOVOTEX - verschiedene Grössen;8415T22886;0058-004463;Größe 44;;BT-Schnittschutz;23.10.2018;i. O.;6;23.10.2019;;;;;;;
